[
  {
    "t": 106345,
    "ax": 0.23,
    "ay": -1.08,
    "az": 9.46,
    "gx": 0.001,
    "gy": 0.004,
    "gz": 0.002,
    "mx": 23.6,
    "my": 28.2,
    "mz": 182.9,
    "roll": 0.7,
    "pitch": -6.7,
    "yaw": 350.4,
    "qw": 0.9948,
    "qx": -0.0576,
    "qy": -0.0112,
    "qz": 0.0828,
    "lia_x": 0.11,
    "lia_y": 0.06,
    "lia_z": -0.25,
    "temp": 26.0,
    "cal": {
      "sys": 0,
      "gyro": 3,
      "accel": 0,
      "mag": 0
    },
    "session_time": 1.291
  },
  {
    "t": 106375,
    "ax": 0.22,
    "ay": -1.09,
    "az": 9.51,
    "gx": -0.002,
    "gy": 0.001,
    "gz": 0.0,
    "mx": 23.6,
    "my": 28.2,
    "mz": 182.6,
    "roll": 0.7,
    "pitch": -6.7,
    "yaw": 350.4,
    "qw": 0.9948,
    "qx": -0.0576,
    "qy": -0.0112,
    "qz": 0.0828,
    "lia_x": 0.11,
    "lia_y": 0.05,
    "lia_z": -0.24,
    "temp": 26.0,
    "cal": {
      "sys": 0,
      "gyro": 3,
      "accel": 0,
      "mag": 0
    },
    "session_time": 1.321
  },
  {
    "t": 106406,
    "ax": 0.23,
    "ay": -1.06,
    "az": 9.51,
    "gx": -0.002,
    "gy": -0.003,
    "gz": -0.001,
    "mx": 23.6,
    "my": 28.2,
    "mz": 182.6,
    "roll": 0.7,
    "pitch": -6.7,
    "yaw": 350.4,
    "qw": 0.9948,
    "qx": -0.0576,
    "qy": -0.0112,
    "qz": 0.0828,
    "lia_x": 0.09,
    "lia_y": 0.06,
    "lia_z": -0.23,
    "temp": 26.0,
    "cal": {
      "sys": 0,
      "gyro": 3,
      "accel": 0,
      "mag": 0
    },
    "session_time": 1.472
  },
  {
    "t": 106437,
    "ax": 0.21,
    "ay": -1.07,
    "az": 9.49,
    "gx": 0.001,
    "gy": -0.001,
    "gz": 0.001,
    "mx": 23.2,
    "my": 27.6,
    "mz": 183.2,
    "roll": 0.7,
    "pitch": -6.7,
    "yaw": 350.4,
    "qw": 0.9948,
    "qx": -0.0576,
    "qy": -0.0112,
    "qz": 0.0828,
    "lia_x": 0.11,
    "lia_y": 0.05,
    "lia_z": -0.28,
    "temp": 26.0,
    "cal": {
      "sys": 0,
      "gyro": 3,
      "accel": 0,
      "mag": 0
    },
    "session_time": 1.486
  },
  {
    "t": 106467,
    "ax": 0.2,
    "ay": -1.08,
    "az": 9.5,
    "gx": -0.002,
    "gy": 0.0,
    "gz": 0.002,
    "mx": 23.2,
    "my": 27.6,
    "mz": 183.2,
    "roll": 0.7,
    "pitch": -6.7,
    "yaw": 350.4,
    "qw": 0.9948,
    "qx": -0.0576,
    "qy": -0.0112,
    "qz": 0.0828,
    "lia_x": 0.1,
    "lia_y": 0.05,
    "lia_z": -0.23,
    "temp": 26.0,
    "cal": {
      "sys": 0,
      "gyro": 3,
      "accel": 0,
      "mag": 0
    },
    "session_time": 1.494
  },
  {
    "t": 106495,
    "ax": 0.23,
    "ay": -1.09,
    "az": 9.46,
    "gx": 0.002,
    "gy": -0.001,
    "gz": 0.001,
    "mx": 23.2,
    "my": 27.9,
    "mz": 182.9,
    "roll": 0.7,
    "pitch": -6.7,
    "yaw": 350.4,
    "qw": 0.9948,
    "qx": -0.0576,
    "qy": -0.0112,
    "qz": 0.0828,
    "lia_x": 0.1,
    "lia_y": 0.05,
    "lia_z": -0.24,
    "temp": 26.0,
    "cal": {
      "sys": 0,
      "gyro": 3,
      "accel": 0,
      "mag": 0
    },
    "session_time": 1.498
  },
  {
    "t": 106526,
    "ax": 0.22,
    "ay": -1.08,
    "az": 9.47,
    "gx": 0.0,
    "gy": 0.003,
    "gz": -0.001,
    "mx": 23.6,
    "my": 27.9,
    "mz": 182.2,
    "roll": 0.7,
    "pitch": -6.7,
    "yaw": 350.4,
    "qw": 0.9948,
    "qx": -0.0576,
    "qy": -0.0112,
    "qz": 0.0828,
    "lia_x": 0.09,
    "lia_y": 0.06,
    "lia_z": -0.25,
    "temp": 26.0,
    "cal": {
      "sys": 0,
      "gyro": 3,
      "accel": 0,
      "mag": 0
    },
    "session_time": 1.5
  },
  {
    "t": 106556,
    "ax": 0.22,
    "ay": -1.08,
    "az": 9.48,
    "gx": -0.002,
    "gy": 0.0,
    "gz": 0.002,
    "mx": 23.6,
    "my": 27.9,
    "mz": 182.2,
    "roll": 0.7,
    "pitch": -6.7,
    "yaw": 350.4,
    "qw": 0.9948,
    "qx": -0.0576,
    "qy": -0.0112,
    "qz": 0.0828,
    "lia_x": 0.1,
    "lia_y": 0.05,
    "lia_z": -0.24,
    "temp": 26.0,
    "cal": {
      "sys": 0,
      "gyro": 3,
      "accel": 0,
      "mag": 0
    },
    "session_time": 1.505
  },
  {
    "t": 106587,
    "ax": 0.87,
    "ay": -1.22,
    "az": 8.9,
    "gx": 0.025,
    "gy": 0.012,
    "gz": -0.304,
    "mx": 22.9,
    "my": 27.6,
    "mz": 182.9,
    "roll": 0.7,
    "pitch": -6.6,
    "yaw": 350.6,
    "qw": 0.995,
    "qx": -0.0574,
    "qy": -0.0112,
    "qz": 0.0763,
    "lia_x": 0.36,
    "lia_y": -0.13,
    "lia_z": -0.37,
    "temp": 26.0,
    "cal": {
      "sys": 0,
      "gyro": 3,
      "accel": 0,
      "mag": 0
    },
    "session_time": 1.546
  },
  {
    "t": 106616,
    "ax": 0.58,
    "ay": -1.45,
    "az": 9.53,
    "gx": -0.068,
    "gy": -0.024,
    "gz": -1.489,
    "mx": 22.9,
    "my": 27.6,
    "mz": 182.9,
    "roll": 1.0,
    "pitch": -6.7,
    "yaw": 352.7,
    "qw": 0.9962,
    "qx": -0.058,
    "qy": -0.0126,
    "qz": 0.0632,
    "lia_x": -1.05,
    "lia_y": -0.33,
    "lia_z": -0.21,
    "temp": 26.0,
    "cal": {
      "sys": 0,
      "gyro": 3,
      "accel": 0,
      "mag": 0
    },
    "session_time": 1.562
  },
  {
    "t": 106645,
    "ax": -0.33,
    "ay": -0.97,
    "az": 9.52,
    "gx": -0.059,
    "gy": -0.021,
    "gz": -0.959,
    "mx": 14.7,
    "my": 17.5,
    "mz": 110.9,
    "roll": 1.2,
    "pitch": -6.8,
    "yaw": 354.6,
    "qw": 0.9971,
    "qx": -0.0586,
    "qy": -0.0139,
    "qz": 0.0464,
    "lia_x": -0.21,
    "lia_y": 0.83,
    "lia_z": -0.34,
    "temp": 26.0,
    "cal": {
      "sys": 0,
      "gyro": 3,
      "accel": 0,
      "mag": 0
    },
    "session_time": 1.593
  },
  {
    "t": 106676,
    "ax": 0.75,
    "ay": -0.29,
    "az": 9.48,
    "gx": -0.036,
    "gy": -0.01,
    "gz": -0.527,
    "mx": 15.5,
    "my": 16.6,
    "mz": 109.7,
    "roll": 1.4,
    "pitch": -6.8,
    "yaw": 355.6,
    "qw": 0.9974,
    "qx": -0.0591,
    "qy": -0.0145,
    "qz": 0.0377,
    "lia_x": 0.31,
    "lia_y": 0.34,
    "lia_z": -0.26,
    "temp": 26.0,
    "cal": {
      "sys": 0,
      "gyro": 3,
      "accel": 0,
      "mag": 0
    },
    "session_time": 1.619
  },
  {
    "t": 106704,
    "ax": 0.52,
    "ay": -1.07,
    "az": 9.43,
    "gx": -0.026,
    "gy": -0.001,
    "gz": -0.478,
    "mx": 15.5,
    "my": 16.6,
    "mz": 109.7,
    "roll": 1.5,
    "pitch": -6.8,
    "yaw": 356.6,
    "qw": 0.9977,
    "qx": -0.0594,
    "qy": -0.015,
    "qz": 0.0298,
    "lia_x": 0.2,
    "lia_y": 0.5,
    "lia_z": -0.78,
    "temp": 26.0,
    "cal": {
      "sys": 0,
      "gyro": 3,
      "accel": 0,
      "mag": 0
    },
    "session_time": 1.652
  },
  {
    "t": 106736,
    "ax": 1.72,
    "ay": -6.14,
    "az": 10.1,
    "gx": -0.58,
    "gy": -0.19,
    "gz": -0.049,
    "mx": 15.7,
    "my": 14.9,
    "mz": 108.0,
    "roll": 1.8,
    "pitch": -7.4,
    "yaw": 357.0,
    "qw": 0.9974,
    "qx": -0.0644,
    "qy": -0.017,
    "qz": 0.0259,
    "lia_x": 1.26,
    "lia_y": -2.57,
    "lia_z": -0.52,
    "temp": 26.0,
    "cal": {
      "sys": 0,
      "gyro": 3,
      "accel": 0,
      "mag": 0
    },
    "session_time": 1.68
  },
  {
    "t": 106764,
    "ax": 1.5,
    "ay": -0.17,
    "az": 9.47,
    "gx": 0.024,
    "gy": 0.003,
    "gz": 0.688,
    "mx": 15.7,
    "my": 14.9,
    "mz": 108.0,
    "roll": 1.6,
    "pitch": -7.3,
    "yaw": 356.1,
    "qw": 0.9973,
    "qx": -0.0638,
    "qy": -0.0164,
    "qz": 0.0339,
    "lia_x": 2.01,
    "lia_y": 1.67,
    "lia_z": -0.33,
    "temp": 26.0,
    "cal": {
      "sys": 0,
      "gyro": 3,
      "accel": 0,
      "mag": 0
    },
    "session_time": 1.71
  },
  {
    "t": 106794,
    "ax": 4.84,
    "ay": 1.87,
    "az": 9.02,
    "gx": -0.115,
    "gy": -0.016,
    "gz": -1.082,
    "mx": 14.4,
    "my": 13.2,
    "mz": 106.9,
    "roll": 1.7,
    "pitch": -7.5,
    "yaw": 356.5,
    "qw": 0.9973,
    "qx": -0.065,
    "qy": -0.0168,
    "qz": 0.0305,
    "lia_x": 1.92,
    "lia_y": 1.81,
    "lia_z": 0.46,
    "temp": 26.0,
    "cal": {
      "sys": 0,
      "gyro": 3,
      "accel": 0,
      "mag": 0
    },
    "session_time": 1.74
  },
  {
    "t": 106825,
    "ax": -8.32,
    "ay": -1.28,
    "az": 10.22,
    "gx": -0.135,
    "gy": -0.1,
    "gz": -1.247,
    "mx": 13.1,
    "my": 12.4,
    "mz": 110.7,
    "roll": 2.1,
    "pitch": -7.6,
    "yaw": 358.5,
    "qw": 0.9976,
    "qx": -0.0662,
    "qy": -0.0193,
    "qz": 0.0128,
    "lia_x": -0.53,
    "lia_y": 1.33,
    "lia_z": -0.5,
    "temp": 26.0,
    "cal": {
      "sys": 0,
      "gyro": 3,
      "accel": 0,
      "mag": 0
    },
    "session_time": 1.768
  },
  {
    "t": 106885,
    "ax": 1.04,
    "ay": 0.55,
    "az": 11.89,
    "gx": 0.178,
    "gy": -0.436,
    "gz": -1.311,
    "mx": 14.1,
    "my": 12.0,
    "mz": 114.8,
    "roll": 3.6,
    "pitch": -7.1,
    "yaw": 2.3,
    "qw": 0.9973,
    "qx": -0.063,
    "qy": -0.0308,
    "qz": -0.0202,
    "lia_x": 0.81,
    "lia_y": 0.36,
    "lia_z": 2.6,
    "temp": 26.0,
    "cal": {
      "sys": 0,
      "gyro": 3,
      "accel": 0,
      "mag": 0
    },
    "session_time": 1.83
  },
  {
    "t": 106914,
    "ax": 2.7,
    "ay": -1.97,
    "az": 14.34,
    "gx": 1.644,
    "gy": -2.786,
    "gz": -1.31,
    "mx": 14.1,
    "my": 12.0,
    "mz": 114.8,
    "roll": 7.6,
    "pitch": -3.9,
    "yaw": 4.1,
    "qw": 0.9965,
    "qx": -0.0368,
    "qy": -0.0657,
    "qz": -0.0364,
    "lia_x": 1.45,
    "lia_y": 0.82,
    "lia_z": 4.4,
    "temp": 26.0,
    "cal": {
      "sys": 0,
      "gyro": 3,
      "accel": 0,
      "mag": 0
    },
    "session_time": 1.86
  },
  {
    "t": 106944,
    "ax": 1.77,
    "ay": 4.25,
    "az": 11.7,
    "gx": 5.718,
    "gy": -3.368,
    "gz": -1.188,
    "mx": 12.4,
    "my": 11.2,
    "mz": 121.1,
    "roll": 13.2,
    "pitch": 5.5,
    "yaw": 5.2,
    "qw": 0.9912,
    "qx": 0.0419,
    "qy": -0.1171,
    "qz": -0.0456,
    "lia_x": -1.56,
    "lia_y": 2.9,
    "lia_z": 1.87,
    "temp": 26.0,
    "cal": {
      "sys": 0,
      "gyro": 3,
      "accel": 0,
      "mag": 0
    },
    "session_time": 1.89
  },
  {
    "t": 106974,
    "ax": -2.14,
    "ay": 1.95,
    "az": 9.45,
    "gx": 5.343,
    "gy": -3.485,
    "gz": -1.094,
    "mx": 11.7,
    "my": 19.0,
    "mz": 126.4,
    "roll": 18.7,
    "pitch": 15.1,
    "yaw": 6.4,
    "qw": 0.9769,
    "qx": 0.1167,
    "qy": -0.1707,
    "qz": -0.0547,
    "lia_x": 0.34,
    "lia_y": 0.73,
    "lia_z": -0.58,
    "temp": 26.0,
    "cal": {
      "sys": 0,
      "gyro": 3,
      "accel": 0,
      "mag": 0
    },
    "session_time": 1.918
  },
  {
    "t": 107002,
    "ax": 4.56,
    "ay": 2.68,
    "az": 7.59,
    "gx": 0.601,
    "gy": -3.518,
    "gz": -1.022,
    "mx": 11.7,
    "my": 19.0,
    "mz": 126.4,
    "roll": 23.8,
    "pitch": 17.4,
    "yaw": 8.6,
    "qw": 0.965,
    "qx": 0.1262,
    "qy": -0.2184,
    "qz": -0.0723,
    "lia_x": -2.51,
    "lia_y": 0.37,
    "lia_z": -0.32,
    "temp": 26.0,
    "cal": {
      "sys": 0,
      "gyro": 3,
      "accel": 0,
      "mag": 0
    },
    "session_time": 1.95
  },
  {
    "t": 107034,
    "ax": 0.75,
    "ay": 0.16,
    "az": 7.86,
    "gx": -1.905,
    "gy": -1.959,
    "gz": -0.163,
    "mx": -15.2,
    "my": 30.2,
    "mz": 106.5,
    "roll": 26.9,
    "pitch": 14.9,
    "yaw": 10.1,
    "qw": 0.9611,
    "qx": 0.0982,
    "qy": -0.244,
    "qz": -0.085,
    "lia_x": -3.92,
    "lia_y": -2.68,
    "lia_z": -1.17,
    "temp": 26.0,
    "cal": {
      "sys": 0,
      "gyro": 3,
      "accel": 0,
      "mag": 0
    },
    "session_time": 1.979
  },
  {
    "t": 107062,
    "ax": 0.08,
    "ay": -0.76,
    "az": 5.53,
    "gx": -1.762,
    "gy": -1.475,
    "gz": -0.922,
    "mx": -15.2,
    "my": 30.2,
    "mz": 106.5,
    "roll": 29.0,
    "pitch": 13.2,
    "yaw": 12.6,
    "qw": 0.9562,
    "qx": 0.0759,
    "qy": -0.2623,
    "qz": -0.1057,
    "lia_x": -3.89,
    "lia_y": -2.7,
    "lia_z": -3.09,
    "temp": 26.0,
    "cal": {
      "sys": 0,
      "gyro": 3,
      "accel": 0,
      "mag": 0
    },
    "session_time": 2.009
  },
  {
    "t": 107093,
    "ax": 7.24,
    "ay": 1.22,
    "az": 5.21,
    "gx": -1.053,
    "gy": -2.476,
    "gz": -1.398,
    "mx": -40.6,
    "my": 30.8,
    "mz": 71.5,
    "roll": 32.2,
    "pitch": 12.9,
    "yaw": 15.8,
    "qw": 0.946,
    "qx": 0.0603,
    "qy": -0.2903,
    "qz": -0.1309,
    "lia_x": 0.89,
    "lia_y": -0.51,
    "lia_z": -1.84,
    "temp": 26.0,
    "cal": {
      "sys": 0,
      "gyro": 3,
      "accel": 0,
      "mag": 0
    },
    "session_time": 2.039
  },
  {
    "t": 107123,
    "ax": 4.03,
    "ay": 1.53,
    "az": 8.59,
    "gx": 0.077,
    "gy": -1.181,
    "gz": -0.496,
    "mx": -40.6,
    "my": 30.8,
    "mz": 71.5,
    "roll": 34.0,
    "pitch": 14.2,
    "yaw": 16.9,
    "qw": 0.9392,
    "qx": 0.0633,
    "qy": -0.3073,
    "qz": -0.1395,
    "lia_x": -0.95,
    "lia_y": -0.65,
    "lia_z": 0.08,
    "temp": 26.0,
    "cal": {
      "sys": 0,
      "gyro": 3,
      "accel": 0,
      "mag": 0
    },
    "session_time": 2.067
  },
  {
    "t": 107151,
    "ax": 4.07,
    "ay": 2.25,
    "az": 6.85,
    "gx": 1.204,
    "gy": -0.359,
    "gz": -0.986,
    "mx": -48.0,
    "my": 41.8,
    "mz": 56.2,
    "roll": 34.2,
    "pitch": 17.3,
    "yaw": 17.9,
    "qw": 0.9343,
    "qx": 0.0822,
    "qy": -0.3139,
    "qz": -0.1478,
    "lia_x": -0.76,
    "lia_y": -0.27,
    "lia_z": -0.43,
    "temp": 26.0,
    "cal": {
      "sys": 0,
      "gyro": 3,
      "accel": 0,
      "mag": 0
    },
    "session_time": 2.098
  },
  {
    "t": 107182,
    "ax": 6.49,
    "ay": 2.27,
    "az": 6.95,
    "gx": -0.314,
    "gy": 0.187,
    "gz": -0.951,
    "mx": -49.7,
    "my": 48.1,
    "mz": 38.9,
    "roll": 33.8,
    "pitch": 17.9,
    "yaw": 19.6,
    "qw": 0.9337,
    "qx": 0.0829,
    "qy": -0.3088,
    "qz": -0.1612,
    "lia_x": 0.66,
    "lia_y": -0.6,
    "lia_z": -0.79,
    "temp": 26.0,
    "cal": {
      "sys": 0,
      "gyro": 3,
      "accel": 0,
      "mag": 0
    },
    "session_time": 2.127
  },
  {
    "t": 107210,
    "ax": 4.64,
    "ay": 2.36,
    "az": 8.26,
    "gx": -0.075,
    "gy": 1.509,
    "gz": -0.503,
    "mx": -49.7,
    "my": 48.1,
    "mz": 38.9,
    "roll": 31.8,
    "pitch": 17.6,
    "yaw": 20.2,
    "qw": 0.9391,
    "qx": 0.0872,
    "qy": -0.2872,
    "qz": -0.1672,
    "lia_x": -0.35,
    "lia_y": -0.22,
    "lia_z": 1.11,
    "temp": 26.0,
    "cal": {
      "sys": 0,
      "gyro": 3,
      "accel": 0,
      "mag": 0
    },
    "session_time": 2.157
  },
  {
    "t": 107240,
    "ax": 4.39,
    "ay": 1.29,
    "az": 9.79,
    "gx": -0.447,
    "gy": 3.214,
    "gz": -0.784,
    "mx": -53.7,
    "my": 51.1,
    "mz": 18.6,
    "roll": 27.4,
    "pitch": 17.2,
    "yaw": 20.6,
    "qw": 0.9456,
    "qx": 0.0922,
    "qy": -0.2403,
    "qz": -0.1753,
    "lia_x": 0.32,
    "lia_y": -0.96,
    "lia_z": 0.52,
    "temp": 26.0,
    "cal": {
      "sys": 0,
      "gyro": 3,
      "accel": 0,
      "mag": 0
    },
    "session_time": 2.184
  },
  {
    "t": 107268,
    "ax": 3.75,
    "ay": 3.29,
    "az": 6.69,
    "gx": -0.816,
    "gy": 5.924,
    "gz": -1.174,
    "mx": -53.7,
    "my": 51.1,
    "mz": 18.6,
    "roll": 18.9,
    "pitch": 15.4,
    "yaw": 21.4,
    "qw": 0.9606,
    "qx": 0.0953,
    "qy": -0.187,
    "qz": -0.1821,
    "lia_x": 0.57,
    "lia_y": 0.59,
    "lia_z": -2.26,
    "temp": 26.0,
    "cal": {
      "sys": 0,
      "gyro": 3,
      "accel": 0,
      "mag": 1
    },
    "session_time": 2.212
  },
  {
    "t": 107296,
    "ax": 2.8,
    "ay": 2.44,
    "az": 7.85,
    "gx": -0.228,
    "gy": 6.562,
    "gz": -2.392,
    "mx": -50.2,
    "my": 52.6,
    "mz": -4.1,
    "roll": 7.6,
    "pitch": 14.6,
    "yaw": 23.5,
    "qw": 0.9689,
    "qx": 0.1104,
    "qy": -0.0912,
    "qz": -0.2109,
    "lia_x": 1.8,
    "lia_y": -0.65,
    "lia_z": -0.6,
    "temp": 26.0,
    "cal": {
      "sys": 0,
      "gyro": 3,
      "accel": 0,
      "mag": 1
    },
    "session_time": 2.244
  },
  {
    "t": 107327,
    "ax": 1.95,
    "ay": 1.5,
    "az": 8.74,
    "gx": -0.235,
    "gy": 6.859,
    "gz": -2.923,
    "mx": -33.2,
    "my": 54.8,
    "mz": -23.7,
    "roll": -4.4,
    "pitch": 14.4,
    "yaw": 26.8,
    "qw": 0.9642,
    "qx": 0.1313,
    "qy": 0.0087,
    "qz": -0.23,
    "lia_x": 1.79,
    "lia_y": -1.04,
    "lia_z": -0.38,
    "temp": 26.0,
    "cal": {
      "sys": 0,
      "gyro": 3,
      "accel": 0,
      "mag": 1
    },
    "session_time": 2.27
  },
  {
    "t": 107355,
    "ax": 0.3,
    "ay": 5.64,
    "az": 8.71,
    "gx": -0.22,
    "gy": 6.339,
    "gz": -2.227,
    "mx": -33.2,
    "my": 54.8,
    "mz": -23.7,
    "roll": -16.1,
    "pitch": 13.8,
    "yaw": 29.6,
    "qw": 0.9504,
    "qx": 0.1485,
    "qy": 0.1072,
    "qz": -0.2512,
    "lia_x": 2.77,
    "lia_y": 5.75,
    "lia_z": -1.62,
    "temp": 26.0,
    "cal": {
      "sys": 0,
      "gyro": 3,
      "accel": 0,
      "mag": 1
    },
    "session_time": 2.302
  },
  {
    "t": 107387,
    "ax": -3.26,
    "ay": 1.27,
    "az": 7.35,
    "gx": -2.376,
    "gy": 4.163,
    "gz": -2.713,
    "mx": -17.0,
    "my": 52.2,
    "mz": -22.6,
    "roll": -25.1,
    "pitch": 9.9,
    "yaw": 32.8,
    "qw": 0.9329,
    "qx": 0.1387,
    "qy": 0.1867,
    "qz": -0.275,
    "lia_x": 0.15,
    "lia_y": -0.32,
    "lia_z": -2.24,
    "temp": 26.0,
    "cal": {
      "sys": 0,
      "gyro": 3,
      "accel": 0,
      "mag": 1
    },
    "session_time": 2.331
  },
  {
    "t": 107415,
    "ax": -6.31,
    "ay": -0.44,
    "az": 6.41,
    "gx": -3.339,
    "gy": 1.388,
    "gz": -0.868,
    "mx": -17.0,
    "my": 52.2,
    "mz": -22.6,
    "roll": -29.1,
    "pitch": 3.7,
    "yaw": 33.6,
    "qw": 0.926,
    "qx": 0.1007,
    "qy": 0.2326,
    "qz": -0.2796,
    "lia_x": -1.79,
    "lia_y": -0.67,
    "lia_z": -2.8,
    "temp": 26.0,
    "cal": {
      "sys": 0,
      "gyro": 3,
      "accel": 0,
      "mag": 1
    },
    "session_time": 2.361
  },
  {
    "t": 107445,
    "ax": -6.78,
    "ay": -0.58,
    "az": 6.36,
    "gx": -2.651,
    "gy": 0.583,
    "gz": -0.057,
    "mx": -5.8,
    "my": 37.6,
    "mz": -28.2,
    "roll": -30.1,
    "pitch": -0.8,
    "yaw": 32.8,
    "qw": 0.9263,
    "qx": 0.0673,
    "qy": 0.2511,
    "qz": -0.2728,
    "lia_x": -1.53,
    "lia_y": -1.03,
    "lia_z": -3.9,
    "temp": 26.0,
    "cal": {
      "sys": 0,
      "gyro": 3,
      "accel": 0,
      "mag": 1
    },
    "session_time": 2.392
  },
  {
    "t": 107476,
    "ax": -6.94,
    "ay": -1.92,
    "az": 5.62,
    "gx": -1.629,
    "gy": -0.937,
    "gz": 1.488,
    "mx": -1.7,
    "my": 27.0,
    "mz": -33.6,
    "roll": -28.6,
    "pitch": -2.2,
    "yaw": 30.6,
    "qw": 0.9344,
    "qx": 0.0481,
    "qy": 0.2437,
    "qz": -0.2554,
    "lia_x": -2.26,
    "lia_y": -0.44,
    "lia_z": -2.38,
    "temp": 26.0,
    "cal": {
      "sys": 0,
      "gyro": 3,
      "accel": 0,
      "mag": 1
    },
    "session_time": 2.419
  },
  {
    "t": 107504,
    "ax": -5.57,
    "ay": 0.11,
    "az": 8.13,
    "gx": 1.237,
    "gy": -2.344,
    "gz": 1.472,
    "mx": -1.7,
    "my": 27.0,
    "mz": -33.6,
    "roll": -25.2,
    "pitch": 0.8,
    "yaw": 28.4,
    "qw": 0.9458,
    "qx": 0.0603,
    "qy": 0.2105,
    "qz": -0.2397,
    "lia_x": -0.68,
    "lia_y": 0.15,
    "lia_z": -0.78,
    "temp": 26.0,
    "cal": {
      "sys": 0,
      "gyro": 3,
      "accel": 0,
      "mag": 1
    },
    "session_time": 2.451
  },
  {
    "t": 107536,
    "ax": -4.15,
    "ay": -0.25,
    "az": 8.75,
    "gx": 1.23,
    "gy": -2.546,
    "gz": 1.685,
    "mx": -6.4,
    "my": 22.8,
    "mz": -35.2,
    "roll": -20.9,
    "pitch": 4.0,
    "yaw": 26.2,
    "qw": 0.9571,
    "qx": 0.0735,
    "qy": 0.1694,
    "qz": -0.2232,
    "lia_x": -0.33,
    "lia_y": -0.91,
    "lia_z": -0.56,
    "temp": 26.0,
    "cal": {
      "sys": 0,
      "gyro": 3,
      "accel": 0,
      "mag": 1
    },
    "session_time": 2.48
  },
  {
    "t": 107564,
    "ax": -2.29,
    "ay": 0.73,
    "az": 10.33,
    "gx": -0.218,
    "gy": -2.86,
    "gz": 1.613,
    "mx": -6.4,
    "my": 22.8,
    "mz": -35.2,
    "roll": -15.9,
    "pitch": 3.8,
    "yaw": 23.6,
    "qw": 0.9688,
    "qx": 0.0602,
    "qy": 0.1294,
    "qz": -0.2025,
    "lia_x": 0.43,
    "lia_y": 0.88,
    "lia_z": -0.67,
    "temp": 26.0,
    "cal": {
      "sys": 0,
      "gyro": 3,
      "accel": 0,
      "mag": 1
    },
    "session_time": 2.511
  },
  {
    "t": 107594,
    "ax": -2.55,
    "ay": 0.69,
    "az": 9.07,
    "gx": -5.089,
    "gy": -3.064,
    "gz": 1.729,
    "mx": -10.5,
    "my": 20.8,
    "mz": -34.2,
    "roll": -10.8,
    "pitch": -3.6,
    "yaw": 19.8,
    "qw": 0.9801,
    "qx": -0.0141,
    "qy": 0.0986,
    "qz": -0.1716,
    "lia_x": -0.79,
    "lia_y": 0.06,
    "lia_z": -0.12,
    "temp": 26.0,
    "cal": {
      "sys": 0,
      "gyro": 3,
      "accel": 0,
      "mag": 1
    },
    "session_time": 2.545
  },
  {
    "t": 107625,
    "ax": -3.01,
    "ay": -2.6,
    "az": 7.56,
    "gx": -5.755,
    "gy": -2.955,
    "gz": 1.062,
    "mx": -10.5,
    "my": 24.4,
    "mz": -32.5,
    "roll": -6.2,
    "pitch": -12.6,
    "yaw": 16.9,
    "qw": 0.9816,
    "qx": -0.1003,
    "qy": 0.0706,
    "qz": -0.1465,
    "lia_x": -1.98,
    "lia_y": -0.64,
    "lia_z": -2.36,
    "temp": 26.0,
    "cal": {
      "sys": 0,
      "gyro": 3,
      "accel": 0,
      "mag": 1
    },
    "session_time": 2.569
  },
  {
    "t": 107654,
    "ax": -1.16,
    "ay": -4.51,
    "az": 6.04,
    "gx": -3.183,
    "gy": -1.93,
    "gz": 0.589,
    "mx": -15.2,
    "my": 24.4,
    "mz": -32.5,
    "roll": -3.2,
    "pitch": -17.9,
    "yaw": 15.1,
    "qw": 0.9788,
    "qx": -0.1507,
    "qy": 0.0495,
    "qz": -0.1299,
    "lia_x": -0.94,
    "lia_y": -0.79,
    "lia_z": -0.71,
    "temp": 26.0,
    "cal": {
      "sys": 0,
      "gyro": 3,
      "accel": 0,
      "mag": 1
    },
    "session_time": 2.602
  },
  {
    "t": 107687,
    "ax": -1.61,
    "ay": -2.28,
    "az": 9.97,
    "gx": -2.085,
    "gy": -1.936,
    "gz": 0.446,
    "mx": -17.8,
    "my": 31.0,
    "mz": -29.6,
    "roll": -0.5,
    "pitch": -21.7,
    "yaw": 13.6,
    "qw": 0.9752,
    "qx": -0.1862,
    "qy": 0.0273,
    "qz": -0.117,
    "lia_x": -1.66,
    "lia_y": 0.66,
    "lia_z": 1.07,
    "temp": 26.0,
    "cal": {
      "sys": 0,
      "gyro": 3,
      "accel": 0,
      "mag": 1
    },
    "session_time": 2.631
  },
  {
    "t": 107716,
    "ax": -0.68,
    "ay": -4.41,
    "az": 7.76,
    "gx": -2.541,
    "gy": -2.477,
    "gz": -0.005,
    "mx": -17.8,
    "my": 31.0,
    "mz": -29.6,
    "roll": 2.6,
    "pitch": -27.9,
    "yaw": 12.6,
    "qw": 0.9642,
    "qx": -0.2429,
    "qy": 0.0029,
    "qz": -0.1069,
    "lia_x": -0.18,
    "lia_y": 0.99,
    "lia_z": -1.11,
    "temp": 26.0,
    "cal": {
      "sys": 0,
      "gyro": 3,
      "accel": 0,
      "mag": 1
    },
    "session_time": 2.662
  },
  {
    "t": 107745,
    "ax": 0.92,
    "ay": -4.5,
    "az": 6.9,
    "gx": -0.974,
    "gy": -2.275,
    "gz": -0.439,
    "mx": -20.6,
    "my": 30.8,
    "mz": -23.9,
    "roll": 6.4,
    "pitch": -29.7,
    "yaw": 12.4,
    "qw": 0.9595,
    "qx": -0.2599,
    "qy": -0.0297,
    "qz": -0.1041,
    "lia_x": 0.27,
    "lia_y": -0.61,
    "lia_z": 0.08,
    "temp": 26.0,
    "cal": {
      "sys": 0,
      "gyro": 3,
      "accel": 0,
      "mag": 2
    },
    "session_time": 2.693
  },
  {
    "t": 107776,
    "ax": 1.85,
    "ay": -4.44,
    "az": 9.48,
    "gx": 0.709,
    "gy": -2.59,
    "gz": -0.338,
    "mx": -21.4,
    "my": 30.5,
    "mz": -18.8,
    "roll": 10.3,
    "pitch": -28.8,
    "yaw": 11.6,
    "qw": 0.9599,
    "qx": -0.2537,
    "qy": -0.0675,
    "qz": -0.0981,
    "lia_x": 0.24,
    "lia_y": -0.45,
    "lia_z": 1.85,
    "temp": 26.0,
    "cal": {
      "sys": 0,
      "gyro": 3,
      "accel": 0,
      "mag": 2
    },
    "session_time": 2.72
  },
  {
    "t": 107804,
    "ax": 2.45,
    "ay": -4.68,
    "az": 10.99,
    "gx": 0.756,
    "gy": -1.518,
    "gz": -0.255,
    "mx": -21.4,
    "my": 30.5,
    "mz": -18.8,
    "roll": 13.4,
    "pitch": -27.8,
    "yaw": 11.1,
    "qw": 0.9598,
    "qx": -0.2458,
    "qy": -0.0974,
    "qz": -0.094,
    "lia_x": 0.21,
    "lia_y": -0.44,
    "lia_z": 2.67,
    "temp": 26.0,
    "cal": {
      "sys": 0,
      "gyro": 3,
      "accel": 0,
      "mag": 2
    },
    "session_time": 2.752
  },
  {
    "t": 107837,
    "ax": 2.51,
    "ay": -4.33,
    "az": 10.4,
    "gx": 0.429,
    "gy": -0.67,
    "gz": 0.019,
    "mx": -22.4,
    "my": 30.0,
    "mz": -10.4,
    "roll": 14.7,
    "pitch": -27.3,
    "yaw": 10.8,
    "qw": 0.9598,
    "qx": -0.2419,
    "qy": -0.1094,
    "qz": -0.0913,
    "lia_x": -0.19,
    "lia_y": 0.19,
    "lia_z": 1.4,
    "temp": 26.0,
    "cal": {
      "sys": 0,
      "gyro": 3,
      "accel": 0,
      "mag": 2
    },
    "session_time": 2.781
  },
  {
    "t": 107865,
    "ax": 1.9,
    "ay": -5.2,
    "az": 9.57,
    "gx": -0.562,
    "gy": -0.436,
    "gz": 0.175,
    "mx": -22.4,
    "my": 30.0,
    "mz": -10.4,
    "roll": 15.6,
    "pitch": -28.2,
    "yaw": 10.7,
    "qw": 0.9573,
    "qx": -0.2488,
    "qy": -0.1171,
    "qz": -0.0898,
    "lia_x": -0.51,
    "lia_y": -0.02,
    "lia_z": 0.79,
    "temp": 26.0,
    "cal": {
      "sys": 0,
      "gyro": 3,
      "accel": 0,
      "mag": 2
    },
    "session_time": 2.812
  },
  {
    "t": 107926,
    "ax": 3.84,
    "ay": -3.62,
    "az": 8.67,
    "gx": -0.53,
    "gy": 0.121,
    "gz": 0.754,
    "mx": -22.8,
    "my": 31.5,
    "mz": -7.6,
    "roll": 14.6,
    "pitch": -30.6,
    "yaw": 8.9,
    "qw": 0.9543,
    "qx": -0.2672,
    "qy": -0.1118,
    "qz": -0.0741,
    "lia_x": 1.12,
    "lia_y": 0.66,
    "lia_z": -0.13,
    "temp": 26.0,
    "cal": {
      "sys": 0,
      "gyro": 3,
      "accel": 0,
      "mag": 2
    },
    "session_time": 2.869
  },
  {
    "t": 107954,
    "ax": 2.09,
    "ay": -4.65,
    "az": 7.58,
    "gx": -1.17,
    "gy": 0.287,
    "gz": 0.963,
    "mx": -22.8,
    "my": 31.5,
    "mz": -7.6,
    "roll": 13.3,
    "pitch": -32.8,
    "yaw": 7.5,
    "qw": 0.9514,
    "qx": -0.2838,
    "qy": -0.1023,
    "qz": -0.0629,
    "lia_x": -0.32,
    "lia_y": 0.25,
    "lia_z": -0.75,
    "temp": 26.0,
    "cal": {
      "sys": 0,
      "gyro": 3,
      "accel": 0,
      "mag": 2
    },
    "session_time": 2.902
  },
  {
    "t": 107986,
    "ax": 2.3,
    "ay": -5.14,
    "az": 6.44,
    "gx": -0.075,
    "gy": 0.965,
    "gz": 0.207,
    "mx": -22.0,
    "my": 32.9,
    "mz": -8.2,
    "roll": 11.6,
    "pitch": -32.9,
    "yaw": 7.1,
    "qw": 0.9526,
    "qx": -0.2851,
    "qy": -0.088,
    "qz": -0.0594,
    "lia_x": 0.08,
    "lia_y": -0.3,
    "lia_z": -1.56,
    "temp": 26.0,
    "cal": {
      "sys": 0,
      "gyro": 3,
      "accel": 0,
      "mag": 2
    },
    "session_time": 2.931
  },
  {
    "t": 108015,
    "ax": 2.12,
    "ay": -4.59,
    "az": 8.1,
    "gx": 0.504,
    "gy": 1.217,
    "gz": -0.154,
    "mx": -22.0,
    "my": 32.9,
    "mz": -8.2,
    "roll": 10.1,
    "pitch": -31.9,
    "yaw": 7.6,
    "qw": 0.9558,
    "qx": -0.2775,
    "qy": -0.0733,
    "qz": -0.0635,
    "lia_x": 0.19,
    "lia_y": 0.02,
    "lia_z": 0.08,
    "temp": 26.0,
    "cal": {
      "sys": 0,
      "gyro": 3,
      "accel": 0,
      "mag": 2
    },
    "session_time": 2.96
  },
  {
    "t": 108045,
    "ax": 1.76,
    "ay": -4.57,
    "az": 8.88,
    "gx": 0.338,
    "gy": 1.345,
    "gz": -0.295,
    "mx": -21.9,
    "my": 32.6,
    "mz": -9.5,
    "roll": 8.4,
    "pitch": -31.1,
    "yaw": 8.6,
    "qw": 0.9581,
    "qx": -0.2714,
    "qy": -0.0563,
    "qz": -0.0727,
    "lia_x": 0.24,
    "lia_y": 0.24,
    "lia_z": 0.7,
    "temp": 26.0,
    "cal": {
      "sys": 0,
      "gyro": 3,
      "accel": 0,
      "mag": 2
    },
    "session_time": 2.991
  },
  {
    "t": 108075,
    "ax": -0.32,
    "ay": -5.08,
    "az": 9.34,
    "gx": 0.264,
    "gy": 1.058,
    "gz": -0.373,
    "mx": -21.9,
    "my": 32.6,
    "mz": -9.8,
    "roll": 7.3,
    "pitch": -30.6,
    "yaw": 9.8,
    "qw": 0.9591,
    "qx": -0.2672,
    "qy": -0.0441,
    "qz": -0.082,
    "lia_x": -0.87,
    "lia_y": 1.29,
    "lia_z": 0.73,
    "temp": 26.0,
    "cal": {
      "sys": 0,
      "gyro": 3,
      "accel": 0,
      "mag": 2
    },
    "session_time": 3.018
  },
  {
    "t": 108103,
    "ax": 0.53,
    "ay": -5.08,
    "az": 8.76,
    "gx": -0.247,
    "gy": 0.491,
    "gz": -0.308,
    "mx": -21.1,
    "my": 31.5,
    "mz": -9.8,
    "roll": 6.9,
    "pitch": -30.7,
    "yaw": 10.6,
    "qw": 0.9586,
    "qx": -0.2679,
    "qy": -0.0386,
    "qz": -0.0891,
    "lia_x": -0.48,
    "lia_y": -0.49,
    "lia_z": 0.78,
    "temp": 26.0,
    "cal": {
      "sys": 0,
      "gyro": 3,
      "accel": 0,
      "mag": 2
    },
    "session_time": 3.05
  },
  {
    "t": 108135,
    "ax": 1.58,
    "ay": -5.52,
    "az": 9.19,
    "gx": 0.785,
    "gy": 0.397,
    "gz": -0.493,
    "mx": -21.0,
    "my": 30.7,
    "mz": -13.0,
    "roll": 6.8,
    "pitch": -29.4,
    "yaw": 11.4,
    "qw": 0.9607,
    "qx": -0.2578,
    "qy": -0.0359,
    "qz": -0.0964,
    "lia_x": 0.53,
    "lia_y": -0.52,
    "lia_z": 0.45,
    "temp": 26.0,
    "cal": {
      "sys": 0,
      "gyro": 3,
      "accel": 0,
      "mag": 2
    },
    "session_time": 3.079
  },
  {
    "t": 108163,
    "ax": 1.76,
    "ay": -3.83,
    "az": 8.31,
    "gx": -0.22,
    "gy": 0.384,
    "gz": 0.044,
    "mx": -21.0,
    "my": 30.7,
    "mz": -13.0,
    "roll": 6.2,
    "pitch": -29.8,
    "yaw": 11.6,
    "qw": 0.9601,
    "qx": -0.26,
    "qy": -0.0306,
    "qz": -0.0978,
    "lia_x": 0.5,
    "lia_y": 0.85,
    "lia_z": 0.03,
    "temp": 26.0,
    "cal": {
      "sys": 0,
      "gyro": 3,
      "accel": 0,
      "mag": 2
    },
    "session_time": 3.108
  },
  {
    "t": 108193,
    "ax": 1.23,
    "ay": -5.14,
    "az": 8.04,
    "gx": -0.641,
    "gy": 0.161,
    "gz": -0.308,
    "mx": -21.7,
    "my": 29.8,
    "mz": -13.1,
    "roll": 6.2,
    "pitch": -30.6,
    "yaw": 12.2,
    "qw": 0.9576,
    "qx": -0.2679,
    "qy": -0.0283,
    "qz": -0.1026,
    "lia_x": -0.78,
    "lia_y": -0.48,
    "lia_z": -0.56,
    "temp": 26.0,
    "cal": {
      "sys": 0,
      "gyro": 3,
      "accel": 0,
      "mag": 2
    },
    "session_time": 3.138
  },
  {
    "t": 108223,
    "ax": -2.46,
    "ay": -6.86,
    "az": 9.32,
    "gx": 0.11,
    "gy": 0.388,
    "gz": -0.62,
    "mx": -21.7,
    "my": 29.8,
    "mz": -13.1,
    "roll": 6.3,
    "pitch": -30.6,
    "yaw": 12.9,
    "qw": 0.9582,
    "qx": -0.2618,
    "qy": -0.0269,
    "qz": -0.1124,
    "lia_x": -4.2,
    "lia_y": 2.08,
    "lia_z": 3.1,
    "temp": 26.0,
    "cal": {
      "sys": 0,
      "gyro": 3,
      "accel": 0,
      "mag": 2
    },
    "session_time": 3.166
  },
  {
    "t": 108251,
    "ax": 0.78,
    "ay": -6.04,
    "az": 9.15,
    "gx": -0.48,
    "gy": 1.425,
    "gz": -0.846,
    "mx": -21.4,
    "my": 28.7,
    "mz": -13.4,
    "roll": 5.7,
    "pitch": -29.7,
    "yaw": 15.2,
    "qw": 0.9569,
    "qx": -0.2604,
    "qy": -0.0124,
    "qz": -0.1281,
    "lia_x": 1.73,
    "lia_y": 0.64,
    "lia_z": -0.11,
    "temp": 26.0,
    "cal": {
      "sys": 0,
      "gyro": 3,
      "accel": 0,
      "mag": 2
    },
    "session_time": 3.198
  },
  {
    "t": 108280,
    "ax": 1.83,
    "ay": -4.41,
    "az": 7.84,
    "gx": -0.109,
    "gy": 1.269,
    "gz": -0.371,
    "mx": -22.6,
    "my": 27.5,
    "mz": -14.1,
    "roll": 4.2,
    "pitch": -29.8,
    "yaw": 16.0,
    "qw": 0.9564,
    "qx": -0.2592,
    "qy": -0.0016,
    "qz": -0.1381,
    "lia_x": 0.38,
    "lia_y": 0.83,
    "lia_z": -0.3,
    "temp": 26.0,
    "cal": {
      "sys": 0,
      "gyro": 3,
      "accel": 0,
      "mag": 2
    },
    "session_time": 3.226
  },
  {
    "t": 108309,
    "ax": -2.68,
    "ay": -6.27,
    "az": 8.89,
    "gx": 2.172,
    "gy": 0.853,
    "gz": -0.596,
    "mx": -22.6,
    "my": 27.5,
    "mz": -14.1,
    "roll": 2.8,
    "pitch": -28.5,
    "yaw": 17.2,
    "qw": 0.9579,
    "qx": -0.247,
    "qy": 0.0073,
    "qz": -0.1512,
    "lia_x": -0.05,
    "lia_y": 3.3,
    "lia_z": 1.02,
    "temp": 26.0,
    "cal": {
      "sys": 0,
      "gyro": 3,
      "accel": 0,
      "mag": 2
    },
    "session_time": 3.254
  },
  {
    "t": 108339,
    "ax": 3.02,
    "ay": -1.38,
    "az": 9.58,
    "gx": 1.556,
    "gy": -0.421,
    "gz": -0.794,
    "mx": -22.6,
    "my": 28.6,
    "mz": -16.8,
    "roll": 3.9,
    "pitch": -23.6,
    "yaw": 18.7,
    "qw": 0.9652,
    "qx": -0.2076,
    "qy": -0.001,
    "qz": -0.1591,
    "lia_x": 1.66,
    "lia_y": 0.59,
    "lia_z": -1.84,
    "temp": 26.0,
    "cal": {
      "sys": 0,
      "gyro": 3,
      "accel": 0,
      "mag": 2
    },
    "session_time": 3.283
  },
  {
    "t": 108367,
    "ax": 3.08,
    "ay": -2.26,
    "az": 7.43,
    "gx": -0.159,
    "gy": -0.492,
    "gz": -0.117,
    "mx": -22.6,
    "my": 28.6,
    "mz": -16.8,
    "roll": 4.4,
    "pitch": -23.6,
    "yaw": 18.8,
    "qw": 0.965,
    "qx": -0.2078,
    "qy": -0.0054,
    "qz": -0.1599,
    "lia_x": 0.85,
    "lia_y": 0.67,
    "lia_z": -0.54,
    "temp": 26.0,
    "cal": {
      "sys": 0,
      "gyro": 3,
      "accel": 0,
      "mag": 2
    },
    "session_time": 3.312
  },
  {
    "t": 108397,
    "ax": 0.92,
    "ay": -3.64,
    "az": 9.47,
    "gx": 0.205,
    "gy": -1.343,
    "gz": -0.388,
    "mx": -23.8,
    "my": 26.4,
    "mz": -17.6,
    "roll": 6.4,
    "pitch": -23.4,
    "yaw": 18.9,
    "qw": 0.9643,
    "qx": -0.2091,
    "qy": -0.0236,
    "qz": -0.1608,
    "lia_x": -0.54,
    "lia_y": -2.19,
    "lia_z": 0.36,
    "temp": 26.0,
    "cal": {
      "sys": 0,
      "gyro": 3,
      "accel": 0,
      "mag": 2
    },
    "session_time": 3.346
  },
  {
    "t": 110028,
    "ax": 0.02,
    "ay": -1.14,
    "az": 8.89,
    "gx": -0.441,
    "gy": -1.955,
    "gz": 0.329,
    "mx": -92.2,
    "my": 49.6,
    "mz": -59.8,
    "roll": 2.0,
    "pitch": -3.4,
    "yaw": 20.8,
    "qw": 0.983,
    "qx": -0.0327,
    "qy": -0.0119,
    "qz": -0.1803,
    "lia_x": 0.0,
    "lia_y": -0.84,
    "lia_z": 1.52,
    "temp": 26.0,
    "cal": {
      "sys": 0,
      "gyro": 3,
      "accel": 0,
      "mag": 2
    },
    "session_time": 4.971
  },
  {
    "t": 110056,
    "ax": 1.23,
    "ay": -0.86,
    "az": 11.43,
    "gx": -0.383,
    "gy": -2.037,
    "gz": 0.735,
    "mx": -92.2,
    "my": 49.6,
    "mz": -59.8,
    "roll": 5.2,
    "pitch": -4.1,
    "yaw": 19.5,
    "qw": 0.9838,
    "qx": -0.043,
    "qy": -0.0396,
    "qz": -0.1694,
    "lia_x": 0.07,
    "lia_y": -0.2,
    "lia_z": 1.48,
    "temp": 26.0,
    "cal": {
      "sys": 0,
      "gyro": 3,
      "accel": 0,
      "mag": 2
    },
    "session_time": 5.004
  },
  {
    "t": 110089,
    "ax": 0.31,
    "ay": -1.25,
    "az": 10.75,
    "gx": -0.417,
    "gy": -1.536,
    "gz": 0.746,
    "mx": -109.8,
    "my": 70.5,
    "mz": -51.9,
    "roll": 7.8,
    "pitch": -4.9,
    "yaw": 18.2,
    "qw": 0.9842,
    "qx": -0.0531,
    "qy": -0.0604,
    "qz": -0.1577,
    "lia_x": -1.19,
    "lia_y": 0.1,
    "lia_z": 0.17,
    "temp": 26.0,
    "cal": {
      "sys": 0,
      "gyro": 3,
      "accel": 0,
      "mag": 2
    },
    "session_time": 5.034
  },
  {
    "t": 110118,
    "ax": 0.56,
    "ay": -0.24,
    "az": 9.7,
    "gx": -0.586,
    "gy": -1.975,
    "gz": 1.006,
    "mx": -109.8,
    "my": 70.5,
    "mz": -51.9,
    "roll": 10.6,
    "pitch": -6.2,
    "yaw": 16.5,
    "qw": 0.9839,
    "qx": -0.0671,
    "qy": -0.0843,
    "qz": -0.1427,
    "lia_x": -0.44,
    "lia_y": 0.71,
    "lia_z": 2.0,
    "temp": 26.0,
    "cal": {
      "sys": 0,
      "gyro": 3,
      "accel": 0,
      "mag": 2
    },
    "session_time": 5.131
  },
  {
    "t": 110148,
    "ax": 1.95,
    "ay": 0.0,
    "az": 12.83,
    "gx": -0.476,
    "gy": -1.888,
    "gz": 0.812,
    "mx": -111.5,
    "my": 90.8,
    "mz": -40.6,
    "roll": 13.4,
    "pitch": -7.8,
    "yaw": 14.9,
    "qw": 0.9824,
    "qx": -0.081,
    "qy": -0.1073,
    "qz": -0.1293,
    "lia_x": -0.67,
    "lia_y": 1.02,
    "lia_z": 2.24,
    "temp": 26.0,
    "cal": {
      "sys": 0,
      "gyro": 3,
      "accel": 0,
      "mag": 2
    },
    "session_time": 5.136
  },
  {
    "t": 110179,
    "ax": 0.91,
    "ay": -1.12,
    "az": 11.64,
    "gx": -0.768,
    "gy": -0.666,
    "gz": 0.786,
    "mx": -107.9,
    "my": 111.2,
    "mz": -35.8,
    "roll": 14.3,
    "pitch": -9.3,
    "yaw": 13.7,
    "qw": 0.9819,
    "qx": -0.0936,
    "qy": -0.1151,
    "qz": -0.1179,
    "lia_x": -1.14,
    "lia_y": 0.66,
    "lia_z": 2.02,
    "temp": 26.0,
    "cal": {
      "sys": 0,
      "gyro": 3,
      "accel": 0,
      "mag": 2
    },
    "session_time": 5.147
  },
  {
    "t": 110207,
    "ax": 1.58,
    "ay": -0.21,
    "az": 10.23,
    "gx": -0.403,
    "gy": -0.099,
    "gz": 0.761,
    "mx": -107.9,
    "my": 111.2,
    "mz": -35.8,
    "roll": 14.5,
    "pitch": -10.4,
    "yaw": 12.4,
    "qw": 0.9821,
    "qx": -0.102,
    "qy": -0.1165,
    "qz": -0.1071,
    "lia_x": -0.94,
    "lia_y": 1.66,
    "lia_z": 0.69,
    "temp": 26.0,
    "cal": {
      "sys": 0,
      "gyro": 3,
      "accel": 0,
      "mag": 2
    },
    "session_time": 5.155
  },
  {
    "t": 110240,
    "ax": 0.71,
    "ay": -0.84,
    "az": 10.1,
    "gx": -1.847,
    "gy": -0.052,
    "gz": 0.344,
    "mx": -95.1,
    "my": 107.6,
    "mz": -51.1,
    "roll": 14.5,
    "pitch": -13.1,
    "yaw": 12.1,
    "qw": 0.9801,
    "qx": -0.1244,
    "qy": -0.1147,
    "qz": -0.1037,
    "lia_x": -1.53,
    "lia_y": 1.27,
    "lia_z": 0.61,
    "temp": 26.0,
    "cal": {
      "sys": 0,
      "gyro": 3,
      "accel": 0,
      "mag": 2
    },
    "session_time": 5.184
  },
  {
    "t": 110269,
    "ax": 1.87,
    "ay": -1.6,
    "az": 9.2,
    "gx": -2.203,
    "gy": 0.519,
    "gz": 0.245,
    "mx": -95.1,
    "my": 107.6,
    "mz": -51.1,
    "roll": 13.9,
    "pitch": -16.7,
    "yaw": 12.0,
    "qw": 0.9769,
    "qx": -0.1539,
    "qy": -0.1066,
    "qz": -0.1029,
    "lia_x": 0.13,
    "lia_y": 0.77,
    "lia_z": -0.74,
    "temp": 26.0,
    "cal": {
      "sys": 0,
      "gyro": 3,
      "accel": 0,
      "mag": 2
    },
    "session_time": 5.214
  },
  {
    "t": 110298,
    "ax": 2.28,
    "ay": -2.52,
    "az": 7.8,
    "gx": -2.357,
    "gy": 1.193,
    "gz": -0.309,
    "mx": -74.9,
    "my": 86.4,
    "mz": -68.0,
    "roll": 12.4,
    "pitch": -20.2,
    "yaw": 12.9,
    "qw": 0.9726,
    "qx": -0.184,
    "qy": -0.0899,
    "qz": -0.1103,
    "lia_x": 0.13,
    "lia_y": 0.96,
    "lia_z": -1.83,
    "temp": 26.0,
    "cal": {
      "sys": 0,
      "gyro": 3,
      "accel": 0,
      "mag": 2
    },
    "session_time": 5.245
  },
  {
    "t": 110329,
    "ax": 2.68,
    "ay": -2.84,
    "az": 6.95,
    "gx": -0.974,
    "gy": 1.257,
    "gz": -0.716,
    "mx": -45.1,
    "my": 64.6,
    "mz": -76.1,
    "roll": 10.8,
    "pitch": -21.6,
    "yaw": 14.6,
    "qw": 0.97,
    "qx": -0.1962,
    "qy": -0.0716,
    "qz": -0.1242,
    "lia_x": 1.11,
    "lia_y": 0.12,
    "lia_z": -1.89,
    "temp": 26.0,
    "cal": {
      "sys": 0,
      "gyro": 3,
      "accel": 0,
      "mag": 2
    },
    "session_time": 5.274
  },
  {
    "t": 110358,
    "ax": 2.14,
    "ay": -4.76,
    "az": 7.69,
    "gx": -0.921,
    "gy": 0.423,
    "gz": -0.442,
    "mx": -45.1,
    "my": 64.6,
    "mz": -76.1,
    "roll": 10.0,
    "pitch": -22.9,
    "yaw": 15.9,
    "qw": 0.9669,
    "qx": -0.2074,
    "qy": -0.061,
    "qz": -0.1354,
    "lia_x": -0.14,
    "lia_y": -0.07,
    "lia_z": -0.84,
    "temp": 26.0,
    "cal": {
      "sys": 0,
      "gyro": 3,
      "accel": 0,
      "mag": 2
    },
    "session_time": 5.306
  },
  {
    "t": 110390,
    "ax": 1.39,
    "ay": -3.47,
    "az": 8.59,
    "gx": -1.048,
    "gy": -0.032,
    "gz": -0.115,
    "mx": -24.2,
    "my": 46.1,
    "mz": -74.8,
    "roll": 10.1,
    "pitch": -24.6,
    "yaw": 16.3,
    "qw": 0.9634,
    "qx": -0.2216,
    "qy": -0.059,
    "qz": -0.1385,
    "lia_x": -0.25,
    "lia_y": 0.52,
    "lia_z": 0.04,
    "temp": 26.0,
    "cal": {
      "sys": 0,
      "gyro": 3,
      "accel": 0,
      "mag": 2
    },
    "session_time": 5.334
  },
  {
    "t": 110419,
    "ax": 1.42,
    "ay": -4.11,
    "az": 8.21,
    "gx": -0.628,
    "gy": 0.494,
    "gz": -0.313,
    "mx": -24.2,
    "my": 46.1,
    "mz": -74.8,
    "roll": 9.8,
    "pitch": -25.7,
    "yaw": 16.9,
    "qw": 0.9608,
    "qx": -0.2308,
    "qy": -0.0543,
    "qz": -0.1436,
    "lia_x": -0.15,
    "lia_y": -0.09,
    "lia_z": -0.66,
    "temp": 26.0,
    "cal": {
      "sys": 0,
      "gyro": 3,
      "accel": 0,
      "mag": 2
    },
    "session_time": 5.364
  },
  {
    "t": 110449,
    "ax": 1.47,
    "ay": -4.45,
    "az": 7.86,
    "gx": -0.427,
    "gy": 0.447,
    "gz": -0.358,
    "mx": -15.2,
    "my": 34.6,
    "mz": -67.1,
    "roll": 9.4,
    "pitch": -26.3,
    "yaw": 17.8,
    "qw": 0.9588,
    "qx": -0.236,
    "qy": -0.0484,
    "qz": -0.1504,
    "lia_x": 0.29,
    "lia_y": -0.29,
    "lia_z": -0.59,
    "temp": 26.0,
    "cal": {
      "sys": 0,
      "gyro": 3,
      "accel": 0,
      "mag": 2
    },
    "session_time": 5.395
  },
  {
    "t": 110479,
    "ax": 1.48,
    "ay": -4.54,
    "az": 8.37,
    "gx": -0.429,
    "gy": 0.064,
    "gz": -0.13,
    "mx": -7.0,
    "my": 25.1,
    "mz": -59.0,
    "roll": 9.5,
    "pitch": -26.9,
    "yaw": 18.2,
    "qw": 0.9571,
    "qx": -0.2411,
    "qy": -0.0476,
    "qz": -0.1537,
    "lia_x": -0.55,
    "lia_y": -0.01,
    "lia_z": 0.19,
    "temp": 26.0,
    "cal": {
      "sys": 0,
      "gyro": 3,
      "accel": 0,
      "mag": 2
    },
    "session_time": 5.423
  },
  {
    "t": 110507,
    "ax": 0.8,
    "ay": -3.82,
    "az": 9.33,
    "gx": 0.099,
    "gy": -0.613,
    "gz": -0.011,
    "mx": -7.0,
    "my": 25.1,
    "mz": -59.0,
    "roll": 10.2,
    "pitch": -26.9,
    "yaw": 18.1,
    "qw": 0.9567,
    "qx": -0.2415,
    "qy": -0.0541,
    "qz": -0.153,
    "lia_x": -0.17,
    "lia_y": 0.94,
    "lia_z": 1.2,
    "temp": 26.0,
    "cal": {
      "sys": 0,
      "gyro": 3,
      "accel": 0,
      "mag": 2
    },
    "session_time": 5.455
  }
]