[
  {
    "t": 54841,
    "ax": -1.49,
    "ay": -0.39,
    "az": 10.56,
    "gx": 0.007,
    "gy": 0.882,
    "gz": -0.319,
    "mx": 9.2,
    "my": -9.7,
    "mz": -10.9,
    "roll": -8.6,
    "pitch": -5.6,
    "yaw": 14.4,
    "qw": 0.988,
    "qx": -0.0391,
    "qy": 0.0812,
    "qz": -0.125,
    "lia_x": 0.19,
    "lia_y": 0.1,
    "lia_z": 0.15,
    "temp": 23.0,
    "cal": {
      "sys": 0,
      "gyro": 3,
      "accel": 0,
      "mag": 1
    },
    "session_time": 2.237
  },
  {
    "t": 54871,
    "ax": -1.71,
    "ay": -2.01,
    "az": 10.88,
    "gx": -0.322,
    "gy": 0.99,
    "gz": -0.451,
    "mx": 8.7,
    "my": -9.5,
    "mz": -10.6,
    "roll": -9.6,
    "pitch": -6.1,
    "yaw": 15.1,
    "qw": 0.9859,
    "qx": -0.0419,
    "qy": 0.0956,
    "qz": -0.1306,
    "lia_x": -0.5,
    "lia_y": -0.8,
    "lia_z": 0.43,
    "temp": 23.0,
    "cal": {
      "sys": 0,
      "gyro": 3,
      "accel": 0,
      "mag": 1
    },
    "session_time": 2.266
  },
  {
    "t": 54900,
    "ax": -2.37,
    "ay": -1.58,
    "az": 9.43,
    "gx": -0.05,
    "gy": 0.97,
    "gz": 0.163,
    "mx": 8.7,
    "my": -9.5,
    "mz": -10.6,
    "roll": -11.3,
    "pitch": -6.4,
    "yaw": 15.0,
    "qw": 0.985,
    "qx": -0.0417,
    "qy": 0.1053,
    "qz": -0.1289,
    "lia_x": -0.27,
    "lia_y": -0.21,
    "lia_z": -0.4,
    "temp": 23.0,
    "cal": {
      "sys": 0,
      "gyro": 3,
      "accel": 0,
      "mag": 1
    },
    "session_time": 2.294
  },
  {
    "t": 54928,
    "ax": -2.24,
    "ay": -1.24,
    "az": 8.94,
    "gx": -0.164,
    "gy": 0.469,
    "gz": 0.148,
    "mx": 10.6,
    "my": -8.2,
    "mz": -11.9,
    "roll": -12.4,
    "pitch": -6.5,
    "yaw": 14.7,
    "qw": 0.9843,
    "qx": -0.0416,
    "qy": 0.117,
    "qz": -0.1267,
    "lia_x": 0.03,
    "lia_y": 0.18,
    "lia_z": -0.27,
    "temp": 23.0,
    "cal": {
      "sys": 0,
      "gyro": 3,
      "accel": 0,
      "mag": 1
    },
    "session_time": 2.325
  },
  {
    "t": 54958,
    "ax": -2.01,
    "ay": -0.67,
    "az": 10.0,
    "gx": -0.034,
    "gy": 0.467,
    "gz": 0.07,
    "mx": 10.6,
    "my": -6.5,
    "mz": -11.0,
    "roll": -13.1,
    "pitch": -6.6,
    "yaw": 14.6,
    "qw": 0.9837,
    "qx": -0.0417,
    "qy": 0.1213,
    "qz": -0.126,
    "lia_x": 0.22,
    "lia_y": 0.42,
    "lia_z": 0.52,
    "temp": 23.0,
    "cal": {
      "sys": 0,
      "gyro": 3,
      "accel": 0,
      "mag": 1
    },
    "session_time": 2.352
  },
  {
    "t": 54986,
    "ax": -1.97,
    "ay": -0.9,
    "az": 9.95,
    "gx": 0.159,
    "gy": 0.928,
    "gz": 0.036,
    "mx": 10.6,
    "my": -6.5,
    "mz": -11.0,
    "roll": -14.4,
    "pitch": -6.4,
    "yaw": 14.6,
    "qw": 0.9824,
    "qx": -0.0388,
    "qy": 0.132,
    "qz": -0.1264,
    "lia_x": -0.11,
    "lia_y": -0.73,
    "lia_z": -0.35,
    "temp": 23.0,
    "cal": {
      "sys": 0,
      "gyro": 3,
      "accel": 0,
      "mag": 1
    },
    "session_time": 2.383
  },
  {
    "t": 55017,
    "ax": -2.57,
    "ay": -1.72,
    "az": 8.08,
    "gx": 0.201,
    "gy": 0.966,
    "gz": 0.189,
    "mx": 10.9,
    "my": -5.1,
    "mz": -12.4,
    "roll": -16.1,
    "pitch": -6.1,
    "yaw": 14.5,
    "qw": 0.9808,
    "qx": -0.0334,
    "qy": 0.1461,
    "qz": -0.1248,
    "lia_x": 0.39,
    "lia_y": -0.68,
    "lia_z": -1.56,
    "temp": 23.0,
    "cal": {
      "sys": 0,
      "gyro": 3,
      "accel": 0,
      "mag": 1
    },
    "session_time": 2.411
  },
  {
    "t": 55046,
    "ax": -2.35,
    "ay": -1.43,
    "az": 7.92,
    "gx": 0.132,
    "gy": 0.67,
    "gz": 0.177,
    "mx": 10.9,
    "my": -5.1,
    "mz": -12.4,
    "roll": -17.4,
    "pitch": -5.9,
    "yaw": 14.2,
    "qw": 0.9795,
    "qx": -0.0302,
    "qy": 0.1568,
    "qz": -0.1229,
    "lia_x": 0.53,
    "lia_y": -0.33,
    "lia_z": -1.0,
    "temp": 23.0,
    "cal": {
      "sys": 0,
      "gyro": 3,
      "accel": 0,
      "mag": 1
    },
    "session_time": 2.441
  },
  {
    "t": 55075,
    "ax": -2.46,
    "ay": -0.49,
    "az": 9.12,
    "gx": 0.262,
    "gy": 0.766,
    "gz": 0.144,
    "mx": 11.2,
    "my": -4.6,
    "mz": -11.8,
    "roll": -18.8,
    "pitch": -5.4,
    "yaw": 14.1,
    "qw": 0.9781,
    "qx": -0.0247,
    "qy": 0.1675,
    "qz": -0.1212,
    "lia_x": 0.57,
    "lia_y": 0.27,
    "lia_z": 0.02,
    "temp": 23.0,
    "cal": {
      "sys": 0,
      "gyro": 3,
      "accel": 0,
      "mag": 1
    },
    "session_time": 2.472
  },
  {
    "t": 55106,
    "ax": -2.7,
    "ay": -0.93,
    "az": 9.4,
    "gx": 0.268,
    "gy": 1.134,
    "gz": 0.049,
    "mx": 10.9,
    "my": -5.0,
    "mz": -12.8,
    "roll": -20.6,
    "pitch": -5.0,
    "yaw": 14.2,
    "qw": 0.9753,
    "qx": -0.019,
    "qy": 0.1832,
    "qz": -0.1215,
    "lia_x": 0.5,
    "lia_y": -0.35,
    "lia_z": -0.35,
    "temp": 23.0,
    "cal": {
      "sys": 0,
      "gyro": 3,
      "accel": 0,
      "mag": 1
    },
    "session_time": 2.499
  },
  {
    "t": 55133,
    "ax": -3.07,
    "ay": -1.87,
    "az": 7.98,
    "gx": -0.113,
    "gy": 1.306,
    "gz": 0.057,
    "mx": 10.9,
    "my": -5.0,
    "mz": -12.8,
    "roll": -22.8,
    "pitch": -5.2,
    "yaw": 14.2,
    "qw": 0.9718,
    "qx": -0.0181,
    "qy": 0.2015,
    "qz": -0.1212,
    "lia_x": 0.47,
    "lia_y": -0.48,
    "lia_z": -0.95,
    "temp": 23.0,
    "cal": {
      "sys": 0,
      "gyro": 3,
      "accel": 0,
      "mag": 1
    },
    "session_time": 2.531
  },
  {
    "t": 55166,
    "ax": -3.29,
    "ay": -0.72,
    "az": 8.29,
    "gx": -0.358,
    "gy": 0.951,
    "gz": 0.016,
    "mx": 12.6,
    "my": -4.4,
    "mz": -12.9,
    "roll": -24.4,
    "pitch": -5.9,
    "yaw": 14.1,
    "qw": 0.9688,
    "qx": -0.0214,
    "qy": 0.2156,
    "qz": -0.1201,
    "lia_x": 0.85,
    "lia_y": 0.15,
    "lia_z": -0.54,
    "temp": 23.0,
    "cal": {
      "sys": 0,
      "gyro": 3,
      "accel": 0,
      "mag": 1
    },
    "session_time": 2.56
  },
  {
    "t": 55195,
    "ax": -3.61,
    "ay": -0.28,
    "az": 8.73,
    "gx": -0.428,
    "gy": 0.591,
    "gz": 0.003,
    "mx": 12.6,
    "my": -4.4,
    "mz": -12.9,
    "roll": -25.4,
    "pitch": -6.6,
    "yaw": 14.0,
    "qw": 0.9665,
    "qx": -0.0262,
    "qy": 0.2258,
    "qz": -0.119,
    "lia_x": 0.26,
    "lia_y": 0.64,
    "lia_z": 0.0,
    "temp": 23.0,
    "cal": {
      "sys": 0,
      "gyro": 3,
      "accel": 0,
      "mag": 1
    },
    "session_time": 2.591
  },
  {
    "t": 55224,
    "ax": -3.85,
    "ay": -0.67,
    "az": 8.35,
    "gx": -0.263,
    "gy": 0.371,
    "gz": -0.004,
    "mx": 13.2,
    "my": -3.1,
    "mz": -14.5,
    "roll": -26.1,
    "pitch": -7.1,
    "yaw": 13.9,
    "qw": 0.9652,
    "qx": -0.0295,
    "qy": 0.2313,
    "qz": -0.1182,
    "lia_x": 0.34,
    "lia_y": 0.3,
    "lia_z": -0.65,
    "temp": 23.0,
    "cal": {
      "sys": 0,
      "gyro": 3,
      "accel": 0,
      "mag": 1
    },
    "session_time": 2.621
  },
  {
    "t": 55255,
    "ax": -3.84,
    "ay": -0.71,
    "az": 8.37,
    "gx": -0.095,
    "gy": -0.155,
    "gz": -0.038,
    "mx": 13.2,
    "my": -1.9,
    "mz": -15.8,
    "roll": -25.8,
    "pitch": -7.3,
    "yaw": 13.9,
    "qw": 0.9656,
    "qx": -0.0313,
    "qy": 0.2294,
    "qz": -0.1184,
    "lia_x": 0.38,
    "lia_y": 0.37,
    "lia_z": -0.32,
    "temp": 23.0,
    "cal": {
      "sys": 0,
      "gyro": 3,
      "accel": 0,
      "mag": 1
    },
    "session_time": 2.649
  },
  {
    "t": 55283,
    "ax": -4.12,
    "ay": -0.69,
    "az": 9.07,
    "gx": 0.118,
    "gy": -0.514,
    "gz": -0.05,
    "mx": 13.2,
    "my": -1.9,
    "mz": -15.8,
    "roll": -25.0,
    "pitch": -7.1,
    "yaw": 14.0,
    "qw": 0.9672,
    "qx": -0.0308,
    "qy": 0.2224,
    "qz": -0.1191,
    "lia_x": -0.13,
    "lia_y": 0.66,
    "lia_z": 0.67,
    "temp": 23.0,
    "cal": {
      "sys": 0,
      "gyro": 3,
      "accel": 0,
      "mag": 1
    },
    "session_time": 2.681
  },
  {
    "t": 55315,
    "ax": -4.04,
    "ay": -0.69,
    "az": 9.61,
    "gx": 0.19,
    "gy": -0.424,
    "gz": 0.019,
    "mx": 12.2,
    "my": -1.6,
    "mz": -16.1,
    "roll": -24.2,
    "pitch": -6.8,
    "yaw": 14.0,
    "qw": 0.9686,
    "qx": -0.029,
    "qy": 0.2161,
    "qz": -0.1194,
    "lia_x": 0.04,
    "lia_y": 0.2,
    "lia_z": 0.77,
    "temp": 23.0,
    "cal": {
      "sys": 0,
      "gyro": 3,
      "accel": 0,
      "mag": 1
    },
    "session_time": 2.709
  },
  {
    ":-2.150": 9.34,
    "gx": 0.441,
    "gy": 0.99,
    "gz": 0.416,
    "mx": -4.2,
    "my": 1.5,
    "mz": -21.1,
    "roll": 4.1,
    "pitch": -11.9,
    "yaw": 11.6,
    "qw": 0.9891,
    "qx": -0.1063,
    "qy": -0.0201,
    "qz": -0.1003,
    "lia_x": 0.49,
    "lia_y": -0.14,
    "lia_z": -0.37,
    "temp": 23.0,
    "cal": {
      "sys": 0,
      "gyro": 3,
      "accel": 0,
      "mag": 1
    },
    "session_time": 4.269
  },
  {
    "t": 56904,
    "ax": 0.18,
    "ay": -1.97,
    "az": 9.05,
    "gx": 0.46,
    "gy": 1.018,
    "gz": 0.398,
    "mx": -4.2,
    "my": 1.5,
    "mz": -21.1,
    "roll": 2.2,
    "pitch": -11.4,
    "yaw": 11.2,
    "qw": 0.9901,
    "qx": -0.1007,
    "qy": -0.0097,
    "qz": -0.0961,
    "lia_x": 0.91,
    "lia_y": -0.07,
    "lia_z": -0.33,
    "temp": 23.0,
    "cal": {
      "sys": 0,
      "gyro": 3,
      "accel": 0,
      "mag": 1
    },
    "session_time": 4.297
  },
  {
    "t": 56931,
    "ax": 0.8,
    "ay": -1.36,
    "az": 9.38,
    "gx": 0.117,
    "gy": 0.353,
    "gz": 0.363,
    "mx": -1.8,
    "my": -0.2,
    "mz": -21.1,
    "roll": 1.2,
    "pitch": -10.9,
    "yaw": 10.7,
    "qw": 0.991,
    "qx": -0.0963,
    "qy": 0.0,
    "qz": -0.0914,
    "lia_x": 1.25,
    "lia_y": 1.05,
    "lia_z": 0.28,
    "temp": 23.0,
    "cal": {
      "sys": 0,
      "gyro": 3,
      "accel": 0,
      "mag": 1
    },
    "session_time": 4.327
  },
  {
    "t": 56961,
    "ax": 0.77,
    "ay": -1.03,
    "az": 9.49,
    "gx": 0.116,
    "gy": 0.194,
    "gz": 0.221,
    "mx": -1.2,
    "my": -1.6,
    "mz": -20.4,
    "roll": 0.7,
    "pitch": -10.8,
    "yaw": 10.2,
    "qw": 0.9915,
    "qx": -0.0948,
    "qy": 0.0023,
    "qz": -0.0892,
    "lia_x": 0.95,
    "lia_y": 0.5,
    "lia_z": -0.42,
    "temp": 23.0,
    "cal": {
      "sys": 0,
      "gyro": 3,
      "accel": 0,
      "mag": 1
    },
    "session_time": 4.355
  },
  {
    "t": 56989,
    "ax": 0.89,
    "ay": -1.85,
    "az": 9.08,
    "gx": 0.127,
    "gy": -0.286,
    "gz": 0.199,
    "mx": -1.2,
    "my": -1.6,
    "mz": -20.4,
    "roll": 0.8,
    "pitch": -10.6,
    "yaw": 9.9,
    "qw": 0.9919,
    "qx": -0.0927,
    "qy": 0.0006,
    "qz": -0.0864,
    "lia_x": 0.34,
    "lia_y": -0.35,
    "lia_z": -0.36,
    "temp": 23.0,
    "cal": {
      "sys": 0,
      "gyro": 3,
      "accel": 0,
      "mag": 1
    },
    "session_time": 4.386
  },
  {
    "t": 57020,
    "ax": 1.09,
    "ay": -1.63,
    "az": 9.92,
    "gx": -0.051,
    "gy": -0.542,
    "gz": 0.159,
    "mx": -0.6,
    "my": -1.8,
    "mz": -19.4,
    "roll": 1.6,
    "pitch": -10.7,
    "yaw": 9.6,
    "qw": 0.9921,
    "qx": -0.0942,
    "qy": -0.0068,
    "qz": -0.0831,
    "lia_x": 0.77,
    "lia_y": 0.23,
    "lia_z": 0.31,
    "temp": 23.0,
    "cal": {
      "sys": 0,
      "gyro": 3,
      "accel": 0,
      "mag": 1
    },
    "session_time": 4.414
  },
  {
    "t": 57048,
    "ax": 1.08,
    "ay": -1.51,
    "az": 9.8,
    "gx": -0.149,
    "gy": -0.341,
    "gz": 0.098,
    "mx": -0.6,
    "my": -1.8,
    "mz": -19.4,
    "roll": 2.2,
    "pitch": -10.9,
    "yaw": 9.3,
    "qw": 0.9919,
    "qx": -0.0968,
    "qy": -0.0123,
    "qz": -0.0809,
    "lia_x": 0.8,
    "lia_y": 0.88,
    "lia_z": 0.25,
    "temp": 23.0,
    "cal": {
      "sys": 0,
      "gyro": 3,
      "accel": 0,
      "mag": 1
    },
    "session_time": 4.443
  },
  {
    "t": 57078,
    "ax": 1.11,
    "ay": -1.13,
    "az": 9.67,
    "gx": 0.071,
    "gy": -0.233,
    "gz": 0.013,
    "mx": -1.0,
    "my": -3.2,
    "mz": -20.7,
    "roll": 2.6,
    "pitch": -10.8,
    "yaw": 9.2,
    "qw": 0.992,
    "qx": -0.0959,
    "qy": -0.0158,
    "qz": -0.0803,
    "lia_x": 0.88,
    "lia_y": 0.37,
    "lia_z": -0.02,
    "temp": 23.0,
    "cal": {
      "sys": 0,
      "gyro": 3,
      "accel": 0,
      "mag": 1
    },
    "session_time": 4.474
  },
  {
    "t": 57108,
    "ax": 1.29,
    "ay": -1.92,
    "az": 9.14,
    "gx": 0.219,
    "gy": -0.2,
    "gz": -0.028,
    "mx": -1.0,
    "my": -3.2,
    "mz": -19.6,
    "roll": 2.9,
    "pitch": -10.5,
    "yaw": 9.2,
    "qw": 0.9922,
    "qx": -0.0933,
    "qy": -0.0188,
    "qz": -0.0804,
    "lia_x": 0.62,
    "lia_y": -0.36,
    "lia_z": -0.71,
    "temp": 23.0,
    "cal": {
      "sys": 0,
      "gyro": 3,
      "accel": 0,
      "mag": 1
    },
    "session_time": 4.502
  },
  {
    "t": 57136,
    "ax": 1.24,
    "ay": -1.55,
    "az": 9.1,
    "gx": 0.035,
    "gy": -0.137,
    "gz": -0.012,
    "mx": 0.0,
    "my": -4.2,
    "mz": -19.6,
    "roll": 3.2,
    "pitch": -10.4,
    "yaw": 9.2,
    "qw": 0.9922,
    "qx": -0.0928,
    "qy": -0.0207,
    "qz": -0.0804,
    "lia_x": 0.71,
    "lia_y": 0.37,
    "lia_z": -0.47,
    "temp": 23.0,
    "cal": {
      "sys": 0,
      "gyro": 3,
      "accel": 0,
      "mag": 1
    },
    "session_time": 4.534
  },
  {
    "t": 57168,
    "ax": 1.55,
    "ay": -1.51,
    "az": 9.19,
    "gx": 0.094,
    "gy": 0.026,
    "gz": -0.031,
    "mx": -0.9,
    "my": -5.9,
    "mz": -21.2,
    "roll": 3.1,
    "pitch": -10.2,
    "yaw": 9.2,
    "qw": 0.9923,
    "qx": -0.0914,
    "qy": -0.0206,
    "qz": -0.0808,
    "lia_x": 0.83,
    "lia_y": 0.33,
    "lia_z": -0.49,
    "temp": 23.0,
    "cal": {
      "sys": 0,
      "gyro": 3,
      "accel": 0,
      "mag": 1
    },
    "session_time": 4.561
  },
  {
    "t": 57196,
    "ax": 1.07,
    "ay": -1.49,
    "az": 9.03,
    "gx": 0.203,
    "gy": 0.017,
    "gz": -0.088,
    "mx": -0.9,
    "my": -5.9,
    "mz": -21.2,
    "roll": 3.2,
    "pitch": -9.9,
    "yaw": 9.4,
    "qw": 0.9924,
    "qx": -0.0886,
    "qy": -0.0215,
    "qz": -0.082,
    "lia_x": 0.7,
    "lia_y": 0.06,
    "lia_z": -0.67,
    "temp": 23.0,
    "cal": {
      "sys": 0,
      "gyro": 3,
      "accel": 0,
      "mag": 1
    },
    "session_time": 4.591
  },
  {
    "t": 57225,
    "ax": 1.15,
    "ay": -1.8,
    "az": 8.81,
    "gx": 0.082,
    "gy": -0.064,
    "gz": -0.183,
    "mx": -0.2,
    "my": -7.2,
    "mz": -19.8,
    "roll": 3.5,
    "pitch": -9.8,
    "yaw": 9.7,
    "qw": 0.9923,
    "qx": -0.0875,
    "qy": -0.0235,
    "qz": -0.0845,
    "lia_x": 0.73,
    "lia_y": -0.33,
    "lia_z": -1.15,
    "temp": 23.0,
    "cal": {
      "sys": 0,
      "gyro": 3,
      "accel": 0,
      "mag": 1
    },
    "session_time": 4.622
  },
  {
    "t": 57256,
    "ax": 1.65,
    "ay": -1.49,
    "az": 8.52,
    "gx": 0.033,
    "gy": 0.047,
    "gz": -0.139,
    "mx": -0.2,
    "my": -7.2,
    "mz": -19.8,
    "roll": 3.5,
    "pitch": -9.7,
    "yaw": 9.9,
    "qw": 0.9922,
    "qx": -0.0868,
    "qy": -0.0229,
    "qz": -0.0867,
    "lia_x": 1.04,
    "lia_y": 0.43,
    "lia_z": -0.97,
    "temp": 23.0,
    "cal": {
      "sys": 0,
      "gyro": 3,
      "accel": 0,
      "mag": 1
    },
    "session_time": 4.649
  },
  {
    "t": 57284,
    "ax": 1.43,
    "ay": -1.24,
    "az": 8.61,
    "gx": 0.122,
    "gy": 0.212,
    "gz": -0.166,
    "mx": 0.8,
    "my": -7.2,
    "mz": -17.5,
    "roll": 3.2,
    "pitch": -9.6,
    "yaw": 10.1,
    "qw": 0.9922,
    "qx": -0.0847,
    "qy": -0.0204,
    "qz": -0.0892,
    "lia_x": 0.8,
    "lia_y": 0.24,
    "lia_z": -1.04,
    "temp": 23.0,
    "cal": {
      "sys": 0,
      "gyro": 3,
      "accel": 0,
      "mag": 1
    },
    "session_time": 4.678
  },
  {
    "t": 57313,
    "ax": 1.14,
    "ay": -1.45,
    "az": 8.74,
    "gx": 0.192,
    "gy": 0.154,
    "gz": -0.16,
    "mx": 1.7,
    "my": -8.8,
    "mz": -19.5,
    "roll": 3.0,
    "pitch": -9.2,
    "yaw": 10.4,
    "qw": 0.9922,
    "qx": -0.0827,
    "qy": -0.0192,
    "qz": -0.0908,
    "lia_x": 1.03,
    "lia_y": 0.12,
    "lia_z": -1.22,
    "temp": 23.0,
    "cal": {
      "sys": 0,
      "gyro": 3,
      "accel": 0,
      "mag": 1
    },
    "session_time": 4.707
  },
  {
    "t": 57341,
    "ax": 0.61,
    "ay": -1.81,
    "az": 7.98,
    "gx": 0.284,
    "gy": 0.394,
    "gz": -0.202,
    "mx": 1.7,
    "my": -8.8,
    "mz": -19.5,
    "roll": 2.5,
    "pitch": -8.8,
    "yaw": 10.8,
    "qw": 0.9924,
    "qx": -0.0787,
    "qy": -0.015,
    "qz": -0.0949,
    "lia_x": 0.09,
    "lia_y": -0.6,
    "lia_z": -1.63,
    "temp": 23.0,
    "cal": {
      "sys": 0,
      "gyro": 3,
      "accel": 0,
      "mag": 1
    },
    "session_time": 4.737
  },
  {
    "t": 58929,
    "ax": -0.4,
    "ay": -4.44,
    "az": 10.22,
    "gx": -2.879,
    "gy": 0.571,
    "gz": 0.68,
    "mx": 6.4,
    "my": -6.0,
    "mz": -23.9,
    "roll": -4.0,
    "pitch": -14.4,
    "yaw": 10.8,
    "qw": 0.9869,
    "qx": -0.1216,
    "qy": 0.0509,
    "qz": -0.093,
    "lia_x": 1.02,
    "lia_y": -1.45,
    "lia_z": 0.5,
    "temp": 23.0,
    "cal": {
      "sys": 0,
      "gyro": 3,
      "accel": 0,
      "mag": 1
    },
    "session_time": 6.324
  },
  {
    "t": 58958,
    "ax": -1.17,
    "ay": -3.48,
    "az": 9.28,
    "gx": -2.671,
    "gy": 1.132,
    "gz": 0.131,
    "mx": 6.4,
    "my": -6.0,
    "mz": -23.9,
    "roll": -5.6,
    "pitch": -17.8,
    "yaw": 10.4,
    "qw": 0.9827,
    "qx": -0.1492,
    "qy": 0.0706,
    "qz": -0.0905,
    "lia_x": -0.38,
    "lia_y": 1.01,
    "lia_z": 0.45,
    "temp": 23.0,
    "cal": {
      "sys": 0,
      "gyro": 3,
      "accel": 0,
      "mag": 1
    },
    "session_time": 6.351
  },
  {
    "t": 58985,
    "ax": -1.4,
    "ay": -3.33,
    "az": 9.5,
    "gx": -2.629,
    "gy": 1.088,
    "gz": 0.04,
    "mx": 6.4,
    "my": -1.7,
    "mz": -25.6,
    "roll": -7.5,
    "pitch": -21.9,
    "yaw": 10.6,
    "qw": 0.9755,
    "qx": -0.1953,
    "qy": 0.0898,
    "qz": -0.0883,
    "lia_x": -0.84,
    "lia_y": 0.1,
    "lia_z": -0.15,
    "temp": 23.0,
    "cal": {
      "sys": 0,
      "gyro": 3,
      "accel": 0,
      "mag": 1
    },
    "session_time": 6.381
  },
  {
    "t": 59015,
    "ax": -0.96,
    "ay": -4.08,
    "az": 7.18,
    "gx": -2.733,
    "gy": 0.54,
    "gz": 0.767,
    "mx": 7.6,
    "my": 2.8,
    "mz": -28.2,
    "roll": -9.0,
    "pitch": -26.6,
    "yaw": 9.4,
    "qw": 0.9669,
    "qx": -0.2211,
    "qy": 0.0995,
    "qz": -0.0797,
    "lia_x": 1.43,
    "lia_y": 0.26,
    "lia_z": -1.63,
    "temp": 23.0,
    "cal": {
      "sys": 0,
      "gyro": 3,
      "accel": 0,
      "mag": 1
    },
    "session_time": 6.409
  },
  {
    "t": 59043,
    "ax": -1.11,
    "ay": -4.48,
    "az": 7.08,
    "gx": -1.582,
    "gy": 0.172,
    "gz": 0.876,
    "mx": 7.6,
    "my": 2.8,
    "mz": -28.2,
    "roll": -10.1,
    "pitch": -29.2,
    "yaw": 7.9,
    "qw": 0.9618,
    "qx": -0.2425,
    "qy": 0.1084,
    "qz": -0.0667,
    "lia_x": 0.73,
    "lia_y": 0.01,
    "lia_z": -1.79,
    "temp": 23.0,
    "cal": {
      "sys": 0,
      "gyro": 3,
      "accel": 0,
      "mag": 1
    },
    "session_time": 6.44
  },
  {
    "t": 59074,
    "ax": -0.6,
    "ay": -4.82,
    "az": 6.46,
    "gx": -3.033,
    "gy": -0.152,
    "gz": -0.475,
    "mx": 8.8,
    "my": 5.6,
    "mz": -29.7,
    "roll": -10.1,
    "pitch": -34.0,
    "yaw": 7.2,
    "qw": 0.9509,
    "qx": -0.2827,
    "qy": 0.1109,
    "qz": -0.0602,
    "lia_x": 0.35,
    "lia_y": 0.21,
    "lia_z": -1.78,
    "temp": 23.0,
    "cal": {
      "sys": 0,
      "gyro": 3,
      "accel": 0,
      "mag": 1
    },
    "session_time": 6.468
  },
  {
    "t": 59103,
    "ax": -2.37,
    "ay": -4.87,
    "az": 6.7,
    "gx": -1.178,
    "gy": -0.779,
    "gz": -1.069,
    "mx": 8.8,
    "my": 5.6,
    "mz": -29.7,
    "roll": -8.4,
    "pitch": -36.8,
    "yaw": 8.4,
    "qw": 0.9442,
    "qx": -0.3064,
    "qy": 0.0996,
    "qz": -0.0692,
    "lia_x": -0.07,
    "lia_y": 1.03,
    "lia_z": -0.66,
    "temp": 23.0,
    "cal": {
      "sys": 0,
      "gyro": 3,
      "accel": 0,
      "mag": 1
    },
    "session_time": 6.497
  },
  {
    "t": 59132,
    "ax": -1.15,
    "ay": -5.32,
    "az": 9.2,
    "gx": -1.415,
    "gy": -0.182,
    "gz": -1.005,
    "mx": 7.4,
    "my": 8.7,
    "mz": -32.4,
    "roll": -7.2,
    "pitch": -39.4,
    "yaw": 9.8,
    "qw": 0.9362,
    "qx": -0.3284,
    "qy": 0.0959,
    "qz": -0.0807,
    "lia_x": -0.01,
    "lia_y": 1.17,
    "lia_z": 1.53,
    "temp": 23.0,
    "cal": {
      "sys": 0,
      "gyro": 3,
      "accel": 0,
      "mag": 1
    },
    "session_time": 6.528
  },
  {
    "t": 59162,
    "ax": -0.19,
    "ay": -6.78,
    "az": 7.25,
    "gx": -3.358,
    "gy": 0.601,
    "gz": -0.956,
    "mx": 7.4,
    "my": 9.6,
    "mz": -32.8,
    "roll": -6.9,
    "pitch": -45.1,
    "yaw": 11.2,
    "qw": 0.9175,
    "qx": -0.3736,
    "qy": 0.1024,
    "qz": -0.0906,
    "lia_x": -0.71,
    "lia_y": -0.69,
    "lia_z": -0.24,
    "temp": 23.0,
    "cal": {
      "sys": 0,
      "gyro": 3,
      "accel": 0,
      "mag": 1
    },
    "session_time": 6.556
  },
  {
    "t": 59190,
    "ax": -1.82,
    "ay": -9.93,
    "az": 6.33,
    "gx": -3.491,
    "gy": -0.572,
    "gz": -0.013,
    "mx": 7.1,
    "my": 9.6,
    "mz": -32.8,
    "roll": -6.1,
    "pitch": -50.7,
    "yaw": 206.5,
    "qw": 0.8987,
    "qx": -0.4191,
    "qy": 0.0989,
    "qz": -0.0836,
    "lia_x": -0.01,
    "lia_y": -1.52,
    "lia_z": 0.46,
    "temp": 23.0,
    "cal": {
      "sys": 0,
      "gyro": 3,
      "accel": 0,
      "mag": 1
    },
    "session_time": 6.589
  },
  {
    "t": 59223,
    "ax": -1.0,
    "ay": -8.68,
    "az": 7.65,
    "gx": -2.731,
    "gy": -0.427,
    "gz": -0.005,
    "mx": 7.9,
    "my": 14.6,
    "mz": -35.2,
    "roll": -5.7,
    "pitch": -55.1,
    "yaw": 203.9,
    "qw": 0.8824,
    "qx": -0.4539,
    "qy": 0.0964,
    "qz": -0.0771,
    "lia_x": -0.07,
    "lia_y": -0.71,
    "lia_z": 1.36,
    "temp": 23.0,
    "cal": {
      "sys": 0,
      "gyro": 3,
      "accel": 0,
      "mag": 1
    },
    "session_time": 6.616
  },
  {
    "t": 59251,
    "ax": -2.06,
    "ay": -9.08,
    "az": 5.38,
    "gx": -1.451,
    "gy": 0.382,
    "gz": 0.251,
    "mx": 7.9,
    "my": 14.6,
    "mz": -35.2,
    "roll": -6.2,
    "pitch": -57.7,
    "yaw": 204.6,
    "qw": 0.8718,
    "qx": -0.473,
    "qy": 0.1031,
    "qz": -0.0753,
    "lia_x": -0.4,
    "lia_y": 0.2,
    "lia_z": 0.53,
    "temp": 23.0,
    "cal": {
      "sys": 0,
      "gyro": 3,
      "accel": 0,
      "mag": 1
    },
    "session_time": 6.646
  },
  {
    "t": 59281,
    "ax": -2.18,
    "ay": -8.92,
    "az": 6.46,
    "gx": -1.826,
    "gy": 0.304,
    "gz": 0.104,
    "mx": 6.6,
    "my": 18.8,
    "mz": -34.5,
    "roll": -6.8,
    "pitch": -60.8,
    "yaw": 204.9,
    "qw": 0.8586,
    "qx": -0.4955,
    "qy": 0.1098,
    "qz": -0.0712,
    "lia_x": -0.84,
    "lia_y": -1.14,
    "lia_z": 0.39,
    "temp": 23.0,
    "cal": {
      "sys": 0,
      "gyro": 3,
      "accel": 0,
      "mag": 1
    },
    "session_time": 6.679
  },
  {
    "t": 59313,
    "ax": -1.09,
    "ay": -9.37,
    "az": 4.89,
    "gx": -3.533,
    "gy": -0.233,
    "gz": 0.179,
    "mx": 7.2,
    "my": 22.1,
    "mz": -33.7,
    "roll": -6.9,
    "pitch": -66.4,
    "yaw": 203.6,
    "qw": 0.8336,
    "qx": -0.5374,
    "qy": 0.1122,
    "qz": -0.0615,
    "lia_x": 0.68,
    "lia_y": -2.06,
    "lia_z": 0.41,
    "temp": 23.0,
    "cal": {
      "sys": 0,
      "gyro": 3,
      "accel": 0,
      "mag": 1
    },
    "session_time": 6.71
  },
  {
    "t": 59344,
    "ax": -1.37,
    "ay": -10.92,
    "az": 3.31,
    "gx": -3.13,
    "gy": -0.334,
    "gz": 0.252,
    "mx": 7.2,
    "my": 22.1,
    "mz": -33.7,
    "roll": -7.1,
    "pitch": -72.0,
    "yaw": 202.1,
    "qw": 0.8066,
    "qx": -0.5779,
    "qy": 0.1132,
    "qz": -0.0508,
    "lia_x": 0.79,
    "lia_y": -0.59,
    "lia_z": 1.18,
    "temp": 23.0,
    "cal": {
      "sys": 0,
      "gyro": 3,
      "accel": 0,
      "mag": 1
    },
    "session_time": 6.741
  },
  {
    "t": 59375,
    "ax": 0.28,
    "ay": -9.6,
    "az": 2.32,
    "gx": -3.527,
    "gy": 0.724,
    "gz": 0.284,
    "mx": 7.0,
    "my": 27.5,
    "mz": -31.0,
    "roll": -7.6,
    "pitch": -77.4,
    "yaw": 202.3,
    "qw": 0.7782,
    "qx": -0.6144,
    "qy": 0.1215,
    "qz": -0.0446,
    "lia_x": 0.36,
    "lia_y": -0.6,
    "lia_z": -0.15,
    "temp": 23.0,
    "cal": {
      "sys": 0,
      "gyro": 3,
      "accel": 0,
      "mag": 1
    },
    "session_time": 6.771
  },
  {
    "t": 59405,
    "ax": -1.43,
    "ay": -12.62,
    "az": 0.33,
    "gx": -2.479,
    "gy": -0.363,
    "gz": -0.576,
    "mx": 7.0,
    "my": 27.5,
    "mz": -31.0,
    "roll": -7.2,
    "pitch": -82.3,
    "yaw": 201.2,
    "qw": 0.751,
    "qx": -0.6475,
    "qy": 0.1218,
    "qz": -0.0435,
    "lia_x": 0.85,
    "lia_y": -0.63,
    "lia_z": -0.16,
    "temp": 23.0,
    "cal": {
      "sys": 0,
      "gyro": 3,
      "accel": 0,
      "mag": 1
    },
    "session_time": 6.8
  },
  {
    "t": 60975,
    "ax": 0.67,
    "ay": -2.6,
    "az": 9.84,
    "gx": 2.86,
    "gy": 0.987,
    "gz": -0.762,
    "mx": -16.2,
    "my": -22.2,
    "mz": -38.1,
    "roll": -1.2,
    "pitch": -5.8,
    "yaw": 10.7,
    "qw": 0.9943,
    "qx": -0.0493,
    "qy": 0.0153,
    "qz": -0.0935,
    "lia_x": 0.78,
    "lia_y": -0.52,
    "lia_z": 0.66,
    "temp": 23.0,
    "cal": {
      "sys": 0,
      "gyro": 3,
      "accel": 0,
      "mag": 0
    },
    "session_time": 8.368
  },
  {
    "t": 61003,
    "ax": -0.64,
    "ay": -0.97,
    "az": 11.1,
    "gx": 1.114,
    "gy": 0.705,
    "gz": -0.036,
    "mx": -16.2,
    "my": -22.2,
    "mz": -38.1,
    "roll": -2.1,
    "pitch": -3.9,
    "yaw": 10.9,
    "qw": 0.9947,
    "qx": -0.0328,
    "qy": 0.022,
    "qz": -0.0953,
    "lia_x": 0.78,
    "lia_y": 0.0,
    "lia_z": 0.05,
    "temp": 23.0,
    "cal": {
      "sys": 0,
      "gyro": 3,
      "accel": 0,
      "mag": 0
    },
    "session_time": 8.398
  },
  {
    "t": 61033,
    "ax": -1.35,
    "ay": -0.79,
    "az": 8.69,
    "gx": 0.106,
    "gy": -0.409,
    "gz": 0.043,
    "mx": -13.4,
    "my": -28.1,
    "mz": -35.4,
    "roll": -1.6,
    "pitch": -3.8,
    "yaw": 10.8,
    "qw": 0.9949,
    "qx": -0.0323,
    "qy": 0.0168,
    "qz": -0.0945,
    "lia_x": -1.96,
    "lia_y": 0.11,
    "lia_z": -0.51,
    "temp": 23.0,
    "cal": {
      "sys": 0,
      "gyro": 3,
      "accel": 0,
      "mag": 0
    },
    "session_time": 8.428
  },
  {
    "t": 61063,
    "ax": 0.13,
    "ay": -0.63,
    "az": 9.79,
    "gx": 0.132,
    "gy": -0.084,
    "gz": -0.01,
    "mx": -13.4,
    "my": -28.1,
    "mz": -35.4,
    "roll": -1.5,
    "pitch": -3.7,
    "yaw": 10.8,
    "qw": 0.9949,
    "qx": -0.0305,
    "qy": 0.0159,
    "qz": -0.0947,
    "lia_x": 0.27,
    "lia_y": 0.17,
    "lia_z": -0.26,
    "temp": 23.0,
    "cal": {
      "sys": 0,
      "gyro": 3,
      "accel": 0,
      "mag": 0
    },
    "session_time": 8.457
  },
  {
    "t": 61091,
    "ax": -0.5,
    "ay": -0.72,
    "az": 9.5,
    "gx": 0.002,
    "gy": -0.023,
    "gz": -0.001,
    "mx": -12.5,
    "my": -28.8,
    "mz": -35.0,
    "roll": -1.4,
    "pitch": -3.6,
    "yaw": 10.8,
    "qw": 0.9949,
    "qx": -0.0303,
    "qy": 0.0155,
    "qz": -0.0946,
    "lia_x": 0.04,
    "lia_y": -0.17,
    "lia_z": -0.37,
    "temp": 23.0,
    "cal": {
      "sys": 0,
      "gyro": 3,
      "accel": 0,
      "mag": 0
    },
    "session_time": 8.486
  },
  {
    "t": 61121,
    "ax": -0.23,
    "ay": -0.71,
    "az": 9.58,
    "gx": 0.044,
    "gy": -0.04,
    "gz": 0.007,
    "mx": -14.2,
    "my": -29.2,
    "mz": -35.8,
    "roll": -1.4,
    "pitch": -3.6,
    "yaw": 10.8,
    "qw": 0.9949,
    "qx": -0.0301,
    "qy": 0.0151,
    "qz": -0.0946,
    "lia_x": -0.02,
    "lia_y": -0.1,
    "lia_z": -0.12,
    "temp": 23.0,
    "cal": {
      "sys": 0,
      "gyro": 3,
      "accel": 0,
      "mag": 0
    },
    "session_time": 8.514
  },
  {
    "t": 61149,
    "ax": -0.23,
    "ay": -0.83,
    "az": 9.59,
    "gx": 0.041,
    "gy": -0.057,
    "gz": -0.009,
    "mx": -14.2,
    "my": -29.2,
    "mz": -35.8,
    "roll": -1.2,
    "pitch": -3.5,
    "yaw": 10.8,
    "qw": 0.9949,
    "qx": -0.0298,
    "qy": 0.0142,
    "qz": -0.0947,
    "lia_x": -0.05,
    "lia_y": -0.12,
    "lia_z": -0.35,
    "temp": 23.0,
    "cal": {
      "sys": 0,
      "gyro": 3,
      "accel": 0,
      "mag": 0
    },
    "session_time": 8.544
  },
  {
    "t": 61179,
    "ax": -0.24,
    "ay": -0.97,
    "az": 9.72,
    "gx": -0.159,
    "gy": -0.051,
    "gz": 0.024,
    "mx": -14.2,
    "my": -29.1,
    "mz": -34.2,
    "roll": -1.2,
    "pitch": -3.7,
    "yaw": 10.8,
    "qw": 0.9949,
    "qx": -0.0311,
    "qy": 0.014,
    "qz": -0.0944,
    "lia_x": 0.05,
    "lia_y": -0.31,
    "lia_z": -0.19,
    "temp": 23.0,
    "cal": {
      "sys": 0,
      "gyro": 3,
      "accel": 0,
      "mag": 0
    },
    "session_time": 8.573
  },
  {
    "t": 61207,
    "ax": -0.28,
    "ay": -0.76,
    "az": 9.62,
    "gx": -0.057,
    "gy": -0.027,
    "gz": 0.033,
    "mx": -14.2,
    "my": -29.1,
    "mz": -34.2,
    "roll": -1.2,
    "pitch": -3.9,
    "yaw": 10.8,
    "qw": 0.9949,
    "qx": -0.033,
    "qy": 0.0137,
    "qz": -0.0939,
    "lia_x": -0.03,
    "lia_y": -0.37,
    "lia_z": -0.15,
    "temp": 23.0,
    "cal": {
      "sys": 0,
      "gyro": 3,
      "accel": 0,
      "mag": 0
    },
    "session_time": 8.602
  },
  {
    "t": 61236,
    "ax": -0.3,
    "ay": -0.46,
    "az": 8.9,
    "gx": 0.164,
    "gy": -0.017,
    "gz": 0.012,
    "mx": -13.1,
    "my": -28.7,
    "mz": -35.1,
    "roll": -1.1,
    "pitch": -3.8,
    "yaw": 10.8,
    "qw": 0.995,
    "qx": -0.0321,
    "qy": 0.0131,
    "qz": -0.0937,
    "lia_x": 0.14,
    "lia_y": -0.22,
    "lia_z": -0.14,
    "temp": 23.0,
    "cal": {
      "sys": 0,
      "gyro": 3,
      "accel": 0,
      "mag": 0
    },
    "session_time": 8.63
  },
  {
    "t": 61265,
    "ax": -0.11,
    "ay": -0.35,
    "az": 9.65,
    "gx": 0.068,
    "gy": -0.025,
    "gz": 0.0,
    "mx": -13.1,
    "my": -28.7,
    "mz": -34.2,
    "roll": -1.1,
    "pitch": -3.8,
    "yaw": 10.8,
    "qw": 0.995,
    "qx": -0.0319,
    "qy": 0.0128,
    "qz": -0.0937,
    "lia_x": -0.03,
    "lia_y": -0.18,
    "lia_z": -0.42,
    "temp": 23.0,
    "cal": {
      "sys": 0,
      "gyro": 3,
      "accel": 0,
      "mag": 0
    },
    "session_time": 8.659
  },
  {
    "t": 61293,
    "ax": -0.16,
    "ay": -0.67,
    "az": 9.4,
    "gx": -0.031,
    "gy": 0.0,
    "gz": 0.008,
    "mx": -14.6,
    "my": -28.4,
    "mz": -34.2,
    "roll": -1.1,
    "pitch": -3.9,
    "yaw": 10.8,
    "qw": 0.995,
    "qx": -0.0328,
    "qy": 0.0129,
    "qz": -0.0937,
    "lia_x": 0.02,
    "lia_y": -0.17,
    "lia_z": -0.11,
    "temp": 23.0,
    "cal": {
      "sys": 0,
      "gyro": 3,
      "accel": 0,
      "mag": 0
    },
    "session_time": 8.69
  }
]