[
  {
    "t": 10259,
    "ax": 1.15,
    "ay": -5.4,
    "az": 9.76,
    "gx": 0.272,
    "gy": 0.596,
    "gz": -2.453,
    "mx": -53.9,
    "my": -17.6,
    "mz": 144.0,
    "roll": 0.0,
    "pitch": -15.8,
    "yaw": 9.4,
    "qw": 0.9872,
    "qx": -0.1367,
    "qy": 0.0107,
    "qz": -0.0815,
    "lia_x": 1.14,
    "lia_y": -2.74,
    "lia_z": -1.43,
    "temp": 26.0,
    "cal": {
      "sys": 0,
      "gyro": 3,
      "accel": 1,
      "mag": 1
    },
    "session_time": 0.591
  },
  {
    "t": 10287,
    "ax": -1.12,
    "ay": -6.54,
    "az": 8.95,
    "gx": -0.196,
    "gy": 0.021,
    "gz": -0.168,
    "mx": -53.6,
    "my": -17.9,
    "mz": 144.0,
    "roll": 0.0,
    "pitch": -15.4,
    "yaw": 12.1,
    "qw": 0.9854,
    "qx": -0.1338,
    "qy": 0.0137,
    "qz": -0.1047,
    "lia_x": 1.29,
    "lia_y": -0.68,
    "lia_z": -1.14,
    "temp": 26.0,
    "cal": {
      "sys": 0,
      "gyro": 3,
      "accel": 1,
      "mag": 1
    },
    "session_time": 0.622
  },
  {
    "t": 10318,
    "ax": 1.12,
    "ay": -2.07,
    "az": 9.8,
    "gx": 0.694,
    "gy": 0.004,
    "gz": 1.773,
    "mx": -36.1,
    "my": -18.5,
    "mz": 114.8,
    "roll": -0.4,
    "pitch": -15.0,
    "yaw": 9.5,
    "qw": 0.988,
    "qx": -0.1302,
    "qy": 0.0144,
    "qz": -0.0824,
    "lia_x": 0.35,
    "lia_y": 0.4,
    "lia_z": 0.89,
    "temp": 26.0,
    "cal": {
      "sys": 0,
      "gyro": 3,
      "accel": 1,
      "mag": 1
    },
    "session_time": 0.65
  },
  {
    "t": 10346,
    "ax": -1.26,
    "ay": -1.54,
    "az": 9.16,
    "gx": -0.116,
    "gy": -0.351,
    "gz": 1.57,
    "mx": -36.1,
    "my": -18.5,
    "mz": 114.8,
    "roll": -0.9,
    "pitch": -14.4,
    "yaw": 6.8,
    "qw": 0.9903,
    "qx": -0.1251,
    "qy": 0.0155,
    "qz": -0.0585,
    "lia_x": -1.01,
    "lia_y": 1.38,
    "lia_z": 0.32,
    "temp": 26.0,
    "cal": {
      "sys": 0,
      "gyro": 3,
      "accel": 1,
      "mag": 1
    },
    "session_time": 0.682
  },
  {
    "t": 10377,
    "ax": -0.84,
    "ay": -1.01,
    "az": 10.13,
    "gx": -0.1,
    "gy": -0.088,
    "gz": 1.256,
    "mx": -10.9,
    "my": -9.4,
    "mz": 75.4,
    "roll": -1.0,
    "pitch": -14.5,
    "yaw": 4.4,
    "qw": 0.9912,
    "qx": -0.1259,
    "qy": 0.0142,
    "qz": -0.0388,
    "lia_x": -0.58,
    "lia_y": 1.97,
    "lia_z": 0.11,
    "temp": 26.0,
    "cal": {
      "sys": 0,
      "gyro": 3,
      "accel": 1,
      "mag": 1
    },
    "session_time": 0.71
  },
  {
    "t": 10406,
    "ax": -0.58,
    "ay": -0.5,
    "az": 9.49,
    "gx": -0.167,
    "gy": -0.12,
    "gz": 0.26,
    "mx": -10.9,
    "my": -9.4,
    "mz": 75.4,
    "roll": -1.2,
    "pitch": -14.4,
    "yaw": 3.4,
    "qw": 0.9916,
    "qx": -0.1249,
    "qy": 0.0146,
    "qz": -0.0296,
    "lia_x": -0.25,
    "lia_y": 0.03,
    "lia_z": 0.11,
    "temp": 26.0,
    "cal": {
      "sys": 0,
      "gyro": 3,
      "accel": 1,
      "mag": 1
    },
    "session_time": 0.74
  },
  {
    "t": 10435,
    "ax": -0.26,
    "ay": -3.49,
    "az": 9.52,
    "gx": -0.358,
    "gy": -0.215,
    "gz": 0.596,
    "mx": 0.0,
    "my": -11.4,
    "mz": 52.0,
    "roll": -1.0,
    "pitch": -14.8,
    "yaw": 2.9,
    "qw": 0.9913,
    "qx": -0.129,
    "qy": 0.0126,
    "qz": -0.025,
    "lia_x": 0.25,
    "lia_y": 0.21,
    "lia_z": 0.24,
    "temp": 26.0,
    "cal": {
      "sys": 0,
      "gyro": 3,
      "accel": 1,
      "mag": 2
    },
    "session_time": 0.772
  },
  {
    "t": 10466,
    "ax": -1.03,
    "ay": -1.01,
    "az": 9.86,
    "gx": 0.225,
    "gy": -0.04,
    "gz": 0.824,
    "mx": -0.6,
    "my": -13.9,
    "mz": 40.9,
    "roll": -1.3,
    "pitch": -14.4,
    "yaw": 1.6,
    "qw": 0.9919,
    "qx": -0.1256,
    "qy": 0.0137,
    "qz": -0.0142,
    "lia_x": -0.67,
    "lia_y": 1.78,
    "lia_z": 0.72,
    "temp": 26.0,
    "cal": {
      "sys": 0,
      "gyro": 3,
      "accel": 1,
      "mag": 2
    },
    "session_time": 0.799
  },
  {
    "t": 10494,
    "ax": -0.14,
    "ay": -2.66,
    "az": 9.51,
    "gx": 0.021,
    "gy": 0.019,
    "gz": 0.0,
    "mx": -0.6,
    "my": -13.9,
    "mz": 40.9,
    "roll": -1.4,
    "pitch": -14.2,
    "yaw": 1.6,
    "qw": 0.9921,
    "qx": -0.1243,
    "qy": 0.0145,
    "qz": -0.0138,
    "lia_x": 0.08,
    "lia_y": -0.21,
    "lia_z": 0.02,
    "temp": 26.0,
    "cal": {
      "sys": 0,
      "gyro": 3,
      "accel": 1,
      "mag": 2
    },
    "session_time": 0.831
  },
  {
    "t": 10526,
    "ax": -0.17,
    "ay": -2.57,
    "az": 9.56,
    "gx": -0.028,
    "gy": -0.019,
    "gz": 0.002,
    "mx": -3.5,
    "my": -13.7,
    "mz": 37.1,
    "roll": -1.4,
    "pitch": -14.2,
    "yaw": 1.6,
    "qw": 0.9921,
    "qx": -0.1243,
    "qy": 0.0145,
    "qz": -0.0138,
    "lia_x": 0.0,
    "lia_y": -0.06,
    "lia_z": -0.06,
    "temp": 26.0,
    "cal": {
      "sys": 0,
      "gyro": 3,
      "accel": 1,
      "mag": 2
    },
    "session_time": 0.86
  },
  {
    "t": 10555,
    "ax": -0.24,
    "ay": -2.46,
    "az": 9.45,
    "gx": -0.002,
    "gy": -0.003,
    "gz": 0.001,
    "mx": -3.5,
    "my": -13.7,
    "mz": 37.1,
    "roll": -1.4,
    "pitch": -14.2,
    "yaw": 1.6,
    "qw": 0.9921,
    "qx": -0.1242,
    "qy": 0.0145,
    "qz": -0.0138,
    "lia_x": 0.0,
    "lia_y": -0.04,
    "lia_z": 0.0,
    "temp": 26.0,
    "cal": {
      "sys": 0,
      "gyro": 3,
      "accel": 1,
      "mag": 2
    },
    "session_time": 0.89
  },
  {
    "t": 10585,
    "ax": 0.72,
    "ay": -3.77,
    "az": 9.43,
    "gx": 0.033,
    "gy": 0.841,
    "gz": -0.084,
    "mx": -5.2,
    "my": -12.2,
    "mz": 37.6,
    "roll": -1.9,
    "pitch": -13.6,
    "yaw": 1.7,
    "qw": 0.9927,
    "qx": -0.118,
    "qy": 0.0187,
    "qz": -0.0148,
    "lia_x": 2.27,
    "lia_y": 2.88,
    "lia_z": -3.15,
    "temp": 26.0,
    "cal": {
      "sys": 0,
      "gyro": 3,
      "accel": 1,
      "mag": 2
    },
    "session_time": 0.921
  },
  {
    "t": 10617,
    "ax": -0.6,
    "ay": -2.57,
    "az": 9.24,
    "gx": 0.112,
    "gy": -0.419,
    "gz": 0.187,
    "mx": -5.7,
    "my": -12.6,
    "mz": 38.1,
    "roll": -2.4,
    "pitch": -12.7,
    "yaw": 1.6,
    "qw": 0.9935,
    "qx": -0.1105,
    "qy": 0.0231,
    "qz": -0.0146,
    "lia_x": 0.29,
    "lia_y": -0.89,
    "lia_z": -0.08,
    "temp": 26.0,
    "cal": {
      "sys": 0,
      "gyro": 3,
      "accel": 1,
      "mag": 2
    },
    "session_time": 0.949
  },
  {
    "t": 10645,
    "ax": 0.32,
    "ay": -4.08,
    "az": 9.06,
    "gx": -0.707,
    "gy": -0.48,
    "gz": 0.064,
    "mx": -5.7,
    "my": -12.6,
    "mz": 38.1,
    "roll": -1.6,
    "pitch": -13.8,
    "yaw": 1.1,
    "qw": 0.9926,
    "qx": -0.1205,
    "qy": 0.0157,
    "qz": -0.0099,
    "lia_x": 0.18,
    "lia_y": -1.21,
    "lia_z": 0.08,
    "temp": 26.0,
    "cal": {
      "sys": 0,
      "gyro": 3,
      "accel": 1,
      "mag": 2
    },
    "session_time": 0.983
  },
  {
    "t": 10677,
    "ax": 0.49,
    "ay": -2.06,
    "az": 8.7,
    "gx": -0.471,
    "gy": -0.515,
    "gz": 0.371,
    "mx": -5.9,
    "my": -12.2,
    "mz": 36.2,
    "roll": -1.1,
    "pitch": -14.2,
    "yaw": 0.6,
    "qw": 0.9922,
    "qx": -0.1244,
    "qy": 0.0103,
    "qz": -0.005,
    "lia_x": 1.32,
    "lia_y": 2.43,
    "lia_z": -1.8,
    "temp": 26.0,
    "cal": {
      "sys": 0,
      "gyro": 3,
      "accel": 1,
      "mag": 2
    },
    "session_time": 1.01
  },
  {
    "t": 10706,
    "ax": 1.45,
    "ay": 0.03,
    "az": 2.36,
    "gx": 1.568,
    "gy": -0.465,
    "gz": -1.209,
    "mx": -5.9,
    "my": -12.2,
    "mz": 36.2,
    "roll": -0.6,
    "pitch": -10.8,
    "yaw": 1.6,
    "qw": 0.9954,
    "qx": -0.0941,
    "qy": 0.0067,
    "qz": -0.0135,
    "lia_x": 1.73,
    "lia_y": -0.67,
    "lia_z": -4.3,
    "temp": 26.0,
    "cal": {
      "sys": 0,
      "gyro": 3,
      "accel": 1,
      "mag": 2
    },
    "session_time": 1.039
  },
  {
    "t": 10793,
    "ax": -4.24,
    "ay": 5.76,
    "az": 7.61,
    "gx": 5.645,
    "gy": -1.297,
    "gz": -1.077,
    "mx": -17.7,
    "my": -25.1,
    "mz": 35.4,
    "roll": 5.0,
    "pitch": 9.6,
    "yaw": 7.8,
    "qw": 0.9932,
    "qx": 0.0809,
    "qy": -0.0497,
    "qz": -0.0679,
    "lia_x": -3.81,
    "lia_y": 2.33,
    "lia_z": -2.94,
    "temp": 26.0,
    "cal": {
      "sys": 0,
      "gyro": 3,
      "accel": 1,
      "mag": 2
    },
    "session_time": 1.131
  },
  {
    "t": 10826,
    "ax": 2.55,
    "ay": 2.16,
    "az": 8.33,
    "gx": 3.524,
    "gy": -3.311,
    "gz": -1.225,
    "mx": -20.0,
    "my": -21.1,
    "mz": 43.7,
    "roll": 9.9,
    "pitch": 16.0,
    "yaw": 10.1,
    "qw": 0.9827,
    "qx": 0.1296,
    "qy": -0.0994,
    "qz": -0.0871,
    "lia_x": 1.69,
    "lia_y": 0.63,
    "lia_z": -1.85,
    "temp": 26.0,
    "cal": {
      "sys": 0,
      "gyro": 3,
      "accel": 1,
      "mag": 2
    },
    "session_time": 1.157
  },
  {
    "t": 10853,
    "ax": 4.29,
    "ay": 6.02,
    "az": 8.74,
    "gx": 2.417,
    "gy": -4.434,
    "gz": 0.081,
    "mx": -20.0,
    "my": -21.1,
    "mz": 43.7,
    "roll": 16.7,
    "pitch": 20.9,
    "yaw": 10.8,
    "qw": 0.9688,
    "qx": 0.1614,
    "qy": -0.1639,
    "qz": -0.0919,
    "lia_x": -0.24,
    "lia_y": 1.15,
    "lia_z": 0.44,
    "temp": 26.0,
    "cal": {
      "sys": 0,
      "gyro": 3,
      "accel": 1,
      "mag": 2
    },
    "session_time": 1.187
  },
  {
    "t": 10883,
    "ax": 1.4,
    "ay": 5.39,
    "az": 5.89,
    "gx": 5.871,
    "gy": -3.663,
    "gz": 1.014,
    "mx": -21.5,
    "my": -8.7,
    "mz": 48.2,
    "roll": 20.7,
    "pitch": 30.7,
    "yaw": 8.9,
    "qw": 0.9434,
    "qx": 0.2314,
    "qy": -0.2259,
    "qz": -0.0735,
    "lia_x": -0.27,
    "lia_y": -2.57,
    "lia_z": -0.48,
    "temp": 26.0,
    "cal": {
      "sys": 0,
      "gyro": 3,
      "accel": 1,
      "mag": 2
    },
    "session_time": 1.217
  },
  {
    "t": 10912,
    "ax": 6.36,
    "ay": 5.37,
    "az": 8.6,
    "gx": 5.287,
    "gy": -4.532,
    "gz": 2.761,
    "mx": -21.5,
    "my": -8.7,
    "mz": 48.2,
    "roll": 28.8,
    "pitch": 37.4,
    "yaw": 5.9,
    "qw": 0.9198,
    "qx": 0.2897,
    "qy": -0.3006,
    "qz": -0.035,
    "lia_x": 0.62,
    "lia_y": -0.64,
    "lia_z": 2.8,
    "temp": 26.0,
    "cal": {
      "sys": 0,
      "gyro": 3,
      "accel": 1,
      "mag": 2
    },
    "session_time": 1.244
  },
  {
    "t": 10940,
    "ax": 4.89,
    "ay": 5.05,
    "az": 6.48,
    "gx": 0.547,
    "gy": -3.764,
    "gz": 3.149,
    "mx": -31.1,
    "my": 5.6,
    "mz": 51.0,
    "roll": 37.2,
    "pitch": 42.0,
    "yaw": 1.8,
    "qw": 0.8919,
    "qx": 0.2847,
    "qy": -0.364,
    "qz": -0.0076,
    "lia_x": -1.91,
    "lia_y": -0.9,
    "lia_z": -0.73,
    "temp": 26.0,
    "cal": {
      "sys": 0,
      "gyro": 3,
      "accel": 1,
      "mag": 2
    },
    "session_time": 1.273
  },
  {
    "t": 10969,
    "ax": 6.51,
    "ay": 3.27,
    "az": 2.73,
    "gx": -0.613,
    "gy": -3.176,
    "gz": 2.614,
    "mx": -41.4,
    "my": 18.1,
    "mz": 52.8,
    "roll": 44.6,
    "pitch": 41.0,
    "yaw": 359.5,
    "qw": 0.8765,
    "qx": 0.2679,
    "qy": -0.4,
    "qz": 0.0037,
    "lia_x": 0.94,
    "lia_y": -2.07,
    "lia_z": -2.59,
    "temp": 26.0,
    "cal": {
      "sys": 0,
      "gyro": 3,
      "accel": 1,
      "mag": 2
    },
    "session_time": 1.301
  },
  {
    "t": 10997,
    "ax": 8.08,
    "ay": 2.25,
    "az": 2.3,
    "gx": 0.58,
    "gy": -2.482,
    "gz": 2.256,
    "mx": -41.4,
    "my": 18.1,
    "mz": 52.8,
    "roll": 50.4,
    "pitch": 41.2,
    "yaw": 86.7,
    "qw": 0.8594,
    "qx": 0.2567,
    "qy": -0.4415,
    "qz": 0.0244,
    "lia_x": 1.73,
    "lia_y": 0.41,
    "lia_z": 0.91,
    "temp": 26.0,
    "cal": {
      "sys": 0,
      "gyro": 3,
      "accel": 1,
      "mag": 2
    },
    "session_time": 1.333
  },
  {
    "t": 11028,
    "ax": 10.73,
    "ay": 3.08,
    "az": 6.46,
    "gx": 0.531,
    "gy": -1.927,
    "gz": 2.179,
    "mx": -47.1,
    "my": 21.1,
    "mz": 54.4,
    "roll": 55.8,
    "pitch": 41.2,
    "yaw": 83.4,
    "qw": 0.8422,
    "qx": 0.2471,
    "qy": -0.4769,
    "qz": 0.0482,
    "lia_x": -1.9,
    "lia_y": 2.04,
    "lia_z": 2.04,
    "temp": 26.0,
    "cal": {
      "sys": 0,
      "gyro": 3,
      "accel": 1,
      "mag": 2
    },
    "session_time": 1.36
  },
  {
    "t": 11056,
    "ax": 6.26,
    "ay": 3.05,
    "az": 1.92,
    "gx": -3.998,
    "gy": -0.887,
    "gz": 3.203,
    "mx": -47.1,
    "my": 21.1,
    "mz": 54.4,
    "roll": 60.2,
    "pitch": 30.2,
    "yaw": 81.8,
    "qw": 0.843,
    "qx": 0.1844,
    "qy": -0.5018,
    "qz": 0.0604,
    "lia_x": -2.21,
    "lia_y": 0.5,
    "lia_z": -3.54,
    "temp": 26.0,
    "cal": {
      "sys": 0,
      "gyro": 3,
      "accel": 1,
      "mag": 2
    },
    "session_time": 1.39
  },
  {
    "t": 11085,
    "ax": 8.64,
    "ay": 3.04,
    "az": 6.72,
    "gx": -2.292,
    "gy": -1.026,
    "gz": 2.245,
    "mx": -42.7,
    "my": 13.9,
    "mz": 51.5,
    "roll": 63.3,
    "pitch": 20.9,
    "yaw": 80.9,
    "qw": 0.8398,
    "qx": 0.1365,
    "qy": -0.5212,
    "qz": 0.0664,
    "lia_x": 1.24,
    "lia_y": 2.53,
    "lia_z": 1.74,
    "temp": 26.0,
    "cal": {
      "sys": 0,
      "gyro": 3,
      "accel": 1,
      "mag": 2
    },
    "session_time": 1.42
  },
  {
    "t": 11116,
    "ax": 9.16,
    "ay": 2.79,
    "az": 3.83,
    "gx": -4.502,
    "gy": -0.035,
    "gz": 1.87,
    "mx": -42.7,
    "my": 3.4,
    "mz": 47.7,
    "roll": 64.3,
    "pitch": 6.9,
    "yaw": 82.2,
    "qw": 0.8435,
    "qx": 0.067,
    "qy": -0.5298,
    "qz": 0.0574,
    "lia_x": 1.98,
    "lia_y": 1.83,
    "lia_z": -1.97,
    "temp": 26.0,
    "cal": {
      "sys": 0,
      "gyro": 3,
      "accel": 1,
      "mag": 2
    },
    "session_time": 1.448
  },
  {
    "t": 11143,
    "ax": 7.21,
    "ay": 2.9,
    "az": 1.69,
    "gx": -4.657,
    "gy": -0.899,
    "gz": 2.811,
    "mx": -38.2,
    "my": 3.4,
    "mz": 47.7,
    "roll": 65.8,
    "pitch": -11.4,
    "yaw": 82.6,
    "qw": 0.8355,
    "qx": -0.0132,
    "qy": -0.5467,
    "qz": 0.054,
    "lia_x": -2.15,
    "lia_y": 1.41,
    "lia_z": -0.1,
    "temp": 26.0,
    "cal": {
      "sys": 0,
      "gyro": 3,
      "accel": 1,
      "mag": 2
    },
    "session_time": 1.479
  },
  {
    "t": 11174,
    "ax": 6.78,
    "ay": 0.57,
    "az": 5.75,
    "gx": -5.582,
    "gy": -2.705,
    "gz": 2.615,
    "mx": -34.1,
    "my": -7.1,
    "mz": 41.2,
    "roll": 67.6,
    "pitch": -33.8,
    "yaw": 84.3,
    "qw": 0.808,
    "qx": -0.0993,
    "qy": -0.5793,
    "qz": 0.0399,
    "lia_x": -2.27,
    "lia_y": -0.62,
    "lia_z": -1.41,
    "temp": 26.0,
    "cal": {
      "sys": 0,
      "gyro": 3,
      "accel": 1,
      "mag": 2
    },
    "session_time": 1.506
  },
  {
    "t": 11202,
    "ax": 7.19,
    "ay": -4.36,
    "az": -1.02,
    "gx": -5.637,
    "gy": -1.671,
    "gz": 1.448,
    "mx": -34.1,
    "my": -7.1,
    "mz": 41.2,
    "roll": 68.6,
    "pitch": -51.9,
    "yaw": 88.1,
    "qw": 0.7827,
    "qx": -0.1747,
    "qy": -0.5972,
    "qz": 0.0126,
    "lia_x": -1.27,
    "lia_y": -1.46,
    "lia_z": -3.03,
    "temp": 26.0,
    "cal": {
      "sys": 0,
      "gyro": 3,
      "accel": 1,
      "mag": 2
    },
    "session_time": 1.536
  },
  {
    "t": 11232,
    "ax": 9.54,
    "ay": -3.53,
    "az": 0.01,
    "gx": -2.826,
    "gy": -0.001,
    "gz": 1.158,
    "mx": -30.6,
    "my": -15.8,
    "mz": 39.9,
    "roll": 67.6,
    "pitch": -57.9,
    "yaw": 89.5,
    "qw": 0.7751,
    "qx": -0.2181,
    "qy": -0.5944,
    "qz": 0.0004,
    "lia_x": 0.85,
    "lia_y": -0.22,
    "lia_z": -1.92,
    "temp": 26.0,
    "cal": {
      "sys": 0,
      "gyro": 3,
      "accel": 1,
      "mag": 2
    },
    "session_time": 1.567
  },
  {
    "t": 11260,
    "ax": 9.09,
    "ay": -4.23,
    "az": -0.31,
    "gx": -2.087,
    "gy": 1.323,
    "gz": 1.646,
    "mx": -30.6,
    "my": -15.8,
    "mz": 39.9,
    "roll": 64.8,
    "pitch": -61.4,
    "yaw": 90.4,
    "qw": 0.7757,
    "qx": -0.243,
    "qy": -0.5825,
    "qz": -0.0028,
    "lia_x": -0.89,
    "lia_y": -0.87,
    "lia_z": -1.05,
    "temp": 26.0,
    "cal": {
      "sys": 0,
      "gyro": 3,
      "accel": 1,
      "mag": 3
    },
    "session_time": 1.593
  },
  {
    "t": 12860,
    "ax": -8.17,
    "ay": 0.37,
    "az": 3.53,
    "gx": -3.207,
    "gy": 3.264,
    "gz": -2.013,
    "mx": -7.0,
    "my": -24.7,
    "mz": -1.2,
    "roll": -46.9,
    "pitch": 7.9,
    "yaw": 296.9,
    "qw": 0.8903,
    "qx": 0.1432,
    "qy": 0.3762,
    "qz": -0.2128,
    "lia_x": -4.31,
    "lia_y": -2.32,
    "lia_z": -3.08,
    "temp": 26.0,
    "cal": {
      "sys": 0,
      "gyro": 3,
      "accel": 1,
      "mag": 3
    },
    "session_time": 3.193
  },
  {
    "t": 12889,
    "ax": -10.74,
    "ay": -0.73,
    "az": 2.39,
    "gx": -1.698,
    "gy": -1.553,
    "gz": -0.073,
    "mx": 0.7,
    "my": -28.9,
    "mz": -1.9,
    "roll": -47.0,
    "pitch": 3.1,
    "yaw": 296.7,
    "qw": 0.8917,
    "qx": 0.1119,
    "qy": 0.3839,
    "qz": -0.212,
    "lia_x": -3.14,
    "lia_y": -2.03,
    "lia_z": -4.49,
    "temp": 26.0,
    "cal": {
      "sys": 0,
      "gyro": 3,
      "accel": 1,
      "mag": 3
    },
    "session_time": 3.224
  },
  {
    "t": 12920,
    "ax": -5.99,
    "ay": -2.54,
    "az": 1.72,
    "gx": -2.714,
    "gy": -6.324,
    "gz": 2.51,
    "mx": 4.0,
    "my": -27.9,
    "mz": -3.1,
    "roll": -38.9,
    "pitch": 1.0,
    "yaw": 22.2,
    "qw": 0.9249,
    "qx": 0.0718,
    "qy": 0.326,
    "qz": -0.1818,
    "lia_x": 0.16,
    "lia_y": -2.13,
    "lia_z": -7.22,
    "temp": 26.0,
    "cal": {
      "sys": 0,
      "gyro": 3,
      "accel": 1,
      "mag": 3
    },
    "session_time": 3.251
  },
  {
    "t": 12947,
    "ax": -2.41,
    "ay": -2.05,
    "az": -0.69,
    "gx": -1.773,
    "gy": -12.006,
    "gz": 4.487,
    "mx": 4.0,
    "my": -27.9,
    "mz": -3.1,
    "roll": -22.1,
    "pitch": 1.8,
    "yaw": 15.0,
    "qw": 0.9729,
    "qx": 0.04,
    "qy": 0.1881,
    "qz": -0.1282,
    "lia_x": 2.73,
    "lia_y": -1.49,
    "lia_z": 2.41,
    "temp": 26.0,
    "cal": {
      "sys": 0,
      "gyro": 3,
      "accel": 1,
      "mag": 3
    },
    "session_time": 3.283
  },
  {
    "t": 12979,
    "ax": 3.35,
    "ay": 3.33,
    "az": 13.24,
    "gx": -0.231,
    "gy": -13.726,
    "gz": 3.872,
    "mx": -0.2,
    "my": -26.1,
    "mz": -4.5,
    "roll": 1.6,
    "pitch": 2.0,
    "yaw": 8.6,
    "qw": 0.9969,
    "qx": 0.0166,
    "qy": -0.016,
    "qz": -0.0756,
    "lia_x": 2.55,
    "lia_y": 3.18,
    "lia_z": 7.09,
    "temp": 26.0,
    "cal": {
      "sys": 0,
      "gyro": 3,
      "accel": 1,
      "mag": 3
    },
    "session_time": 3.312
  },
  {
    "t": 13008,
    "ax": 3.62,
    "ay": 3.1,
    "az": 15.4,
    "gx": -3.135,
    "gy": -7.565,
    "gz": 2.299,
    "mx": -0.2,
    "my": -26.1,
    "mz": -4.5,
    "roll": 17.4,
    "pitch": -4.1,
    "yaw": 4.4,
    "qw": 0.9871,
    "qx": -0.0402,
    "qy": -0.1499,
    "qz": -0.0385,
    "lia_x": 1.02,
    "lia_y": 1.55,
    "lia_z": 1.05,
    "temp": 26.0,
    "cal": {
      "sys": 0,
      "gyro": 3,
      "accel": 1,
      "mag": 3
    },
    "session_time": 3.342
  },
  {
    "t": 13038,
    "ax": 2.94,
    "ay": -0.57,
    "az": 7.32,
    "gx": -4.939,
    "gy": -5.997,
    "gz": 1.218,
    "mx": -7.0,
    "my": -24.4,
    "mz": 0.9,
    "roll": 27.1,
    "pitch": -12.9,
    "yaw": 3.4,
    "qw": 0.9659,
    "qx": -0.1105,
    "qy": -0.2322,
    "qz": -0.0293,
    "lia_x": -1.07,
    "lia_y": -6.36,
    "lia_z": -2.58,
    "temp": 26.0,
    "cal": {
      "sys": 0,
      "gyro": 3,
      "accel": 1,
      "mag": 3
    },
    "session_time": 3.372
  },
  {
    "t": 13068,
    "ax": 5.28,
    "ay": -1.91,
    "az": 10.38,
    "gx": 1.514,
    "gy": -4.143,
    "gz": -0.46,
    "mx": -7.0,
    "my": -24.4,
    "mz": 2.4,
    "roll": 33.8,
    "pitch": -12.3,
    "yaw": 3.2,
    "qw": 0.9514,
    "qx": -0.1014,
    "qy": -0.2894,
    "qz": -0.0269,
    "lia_x": 0.29,
    "lia_y": -1.11,
    "lia_z": 4.55,
    "temp": 26.0,
    "cal": {
      "sys": 0,
      "gyro": 3,
      "accel": 1,
      "mag": 3
    },
    "session_time": 3.4
  },
  {
    "t": 13096,
    "ax": 5.35,
    "ay": -2.22,
    "az": 10.03,
    "gx": -0.476,
    "gy": -0.385,
    "gz": -0.348,
    "mx": -9.7,
    "my": -22.5,
    "mz": 2.4,
    "roll": 34.7,
    "pitch": -12.6,
    "yaw": 3.9,
    "qw": 0.9487,
    "qx": -0.105,
    "qy": -0.2965,
    "qz": -0.0323,
    "lia_x": -0.77,
    "lia_y": -0.33,
    "lia_z": 0.26,
    "temp": 26.0,
    "cal": {
      "sys": 0,
      "gyro": 3,
      "accel": 1,
      "mag": 3
    },
    "session_time": 3.433
  }
]